Date,close,high,low,open,volume,momentum,returns_1d,returns_5d,returns_10d,returns_20d,momentum_change,future_returns_1d,future_returns_5d,future_returns_10d,price_range,volatility
2023-11-21,441.8506164550781,442.6889656755236,440.57362207457913,441.7628874230674,49244600,50.0,,,,,,0.0038608118583054463,0.002956233012382903,0.0032872051303993732,2.1153436009444704,
2023-11-22,443.5565185546875,444.8822710900932,442.4550120107973,443.5175477071304,59394900,50.0,0.0038608118583054463,,,,0.0,0.0006152275351130054,0.003032930015975932,0.007054751260108683,2.4272590792958795,
2023-11-24,443.82940673828125,444.0243799462038,443.2737896182981,443.6052202727786,29737400,50.0,0.0006152275351130054,,,,0.0,-0.0018008166177350127,0.008346190251771857,0.010762268690640564,0.7505903279056838,
2023-11-27,443.0301513671875,444.01468588647003,442.6402048955527,443.1958518437672,50506000,50.0,-0.0018008166177350127,,,,0.0,0.000990066136665968,0.004862572786014319,0.01652431610146632,1.3744809909173341,
2023-11-28,443.4687805175781,444.77501785393656,442.07481415289016,442.6401889183708,62115000,50.0,0.000990066136665968,,,,0.0,-0.0007034332455819747,0.003670900318168968,0.02015692025336535,2.700203701046405,
2023-11-29,443.1568298339844,446.77338386709766,442.75718529272547,445.63284701527954,63146000,50.0,-0.0007034332455819747,0.002956233012382903,,,0.0,0.0039375780358910095,0.0003299965712584285,0.034952986162524846,4.016198574372197,
2023-11-30,444.90179443359375,445.25274033268937,441.9188881606161,444.0049888835271,79752700,79.36300965270273,0.0039375780358910095,0.003032930015975932,,,29.36300965270273,0.005915680731310546,0.004009660225281708,0.03420225424462875,3.33385217207325,
2023-12-01,447.53369140625,448.06982310728114,443.6929512334986,444.2875689474155,89183400,84.56912315819793,0.005915680731310546,0.008346190251771857,,,5.206113505495196,-0.005249378374751368,0.002396080296852565,0.0264273923161773,4.376871873782534,
2023-12-04,445.1844177246094,447.55319056539764,442.89361632048383,444.12188212625665,72430900,76.526225778685,-0.005249378374751368,0.004862572786014319,,,-8.042897379512922,-0.00019701390264181828,0.01160531164288403,0.037648301118407,4.659574244913813,
2023-12-05,445.0967102050781,446.06175924267177,443.41028403700943,443.7904728995386,69793500,68.34322571627744,-0.00019701390264181828,0.003670900318168968,,,-8.183000062407558,-0.004029776216257219,0.01642572274434806,0.04416380772234141,2.6514752056623365,
2023-12-06,443.3030700683594,447.2802680067955,442.86439518784823,447.2510249980106,69124700,60.36130509034887,-0.004029776216257219,0.0003299965712584285,0.0032872051303993732,,-7.9819206259285735,0.0076305119971527,0.03461156789253583,0.03386078421991234,4.415872818947264,
2023-12-07,446.6856994628906,447.3388033139613,444.7945720231274,445.3989474370998,66995400,61.78480246639562,0.0076305119971527,0.004009660225281708,0.007054751260108683,,1.4234973760467469,0.004299037568976649,0.030072015455082868,0.03576040905111899,2.5442312908339204,
2023-12-08,448.60601806640625,449.1421498074846,445.69132604578505,445.93502770059104,83194400,69.14039897276226,0.004299037568976649,0.002396080296852565,0.010762268690640564,,7.355596506366638,0.003889612475494797,0.023973868704881607,0.033399292866996166,3.450823761699553,
2023-12-11,450.3509216308594,450.5264094395956,447.8944195446756,448.108878200919,65002200,77.9529652169192,0.003889612475494797,0.01160531164288403,0.01652431610146632,,8.81256624415694,0.004567157813334388,0.025744219781950406,0.03374206542898439,2.631989894920025,2.960626252665333
2023-12-12,452.4077453613281,452.5052319702893,448.9959222888426,449.99997188879604,68327600,85.31325981534215,0.004567157813334388,0.01642572274434806,0.02015692025336535,,7.3602945984229535,0.013790080027673124,0.027289829799958865,0.030902768572856232,3.509309681446666,3.06019525841549
2023-12-13,458.646484375,458.89994359903204,452.42721379094627,452.7878874566932,93278000,92.37359794642728,0.013790080027673124,0.03461156789253583,0.034952986162524846,,7.060338131085132,0.0032093440064386858,-0.0007256671932954761,0.017264105596886292,6.472729808085774,3.349157453329054
2023-12-14,460.1184387207031,461.7951071385204,457.4279631842969,460.59608439974494,119026000,96.11645164277496,0.0032093440064386858,0.030072015455082868,0.03420225424462875,,3.74285369634768,-0.0016465301391953568,0.005522326119618892,0.011074233405081957,4.367143954223479,3.6074827123517537
2023-12-15,459.36083984375,460.70176444733164,457.50120415679675,459.51744483108826,141553700,95.70403343005589,-0.0016465301391953568,0.023973868704881607,0.0264273923161773,,-0.412418212719075,0.0056252398298841655,0.009204750677901385,0.007074117930931045,3.200560290534895,3.7379169480387224
2023-12-18,461.9448547363281,462.9334108167086,459.9090492984959,460.9758929509902,70375300,95.20553619638893,0.0056252398298841655,0.025744219781950406,0.037648301118407,,-0.49849723366695287,0.006080857849790622,0.007797115004688271,-0.00673779080133996,3.024361518212686,3.7610710778363137
2023-12-19,464.7538757324219,464.83219317180465,462.414657477173,462.49294504720444,55761800,95.3061212751599,0.006080857849790622,0.027289829799958865,0.04416380772234141,,0.1005850787709619,-0.013857261662000742,0.0035169614923578063,-0.015921276796229344,2.417535694631624,3.646880872140559
2023-12-20,458.31365966796875,465.7913622558364,457.8830033552832,463.892567568819,102921000,84.38044745752474,-0.013857261662000742,-0.0007256671932954761,0.03386078421991234,0.0372592966939187,-10.925673817635158,0.009481941097169821,0.018002836858276083,-0.0007261275819145929,7.908358900553196,3.973631352746269
2023-12-21,462.65936279296875,462.9334141013397,458.88133775326304,461.3184379551816,86667500,75.6789949556141,0.009481941097169821,0.005522326119618892,0.03576040905111899,0.04306744110204308,-8.701452501910637,0.002009640628737097,0.005521416224429698,0.004019545102372568,4.052076348076639,3.950431672338705
2023-12-22,463.5891418457031,465.2824054768028,461.6805799335795,463.7946728489947,67160400,71.94869208679779,0.002009640628737097,0.009204750677901385,0.033399292866996166,0.04452101372154882,-3.7303028688163096,0.0042225968473603714,-0.002111199680282061,0.00048575168971343174,3.601825543223299,3.8748781936465257
2023-12-26,465.54669189453125,466.45693055584053,463.92194844168887,464.00026588508166,55387000,72.54606959156156,0.0042225968473603714,0.007797115004688271,0.03374206542898439,0.05082394608551555,0.5973775047637702,0.001807993348294179,-0.014422452286897536,0.001913138967766237,2.53498211415166,3.86655725853862
2023-12-27,466.3883972167969,466.53520507295934,464.80281263154177,465.3411180605876,68000300,74.7525733489502,0.001807993348294179,0.0035169614923578063,0.030902768572856232,0.051682593467952787,2.2065037573886315,0.0003778149223807592,-0.019370114342342593,-0.00033574097103150624,1.7323924414175735,3.6748800887150708
2023-12-28,466.5646057128906,467.4063240716052,466.1437465335333,466.75057230271875,77158100,77.89420533021817,0.0003778149223807592,0.018002836858276083,0.017264105596886292,0.05282052380344737,3.1416319812679774,-0.0028950074465007303,-0.018397752699777614,-2.0996326035360724e-05,1.2625775380718665,3.5833333920892096
2023-12-29,465.2138977050781,466.8973642343975,463.2465827268645,466.36882605664505,122283100,73.38760509432922,-0.0028950074465007303,0.005521416224429698,0.011074233405081957,0.04565525139619586,-4.506600235888953,-0.00559631842527708,-0.0014936242011597267,-0.0007994553181752684,3.6507815075329972,3.59761608822017
2024-01-02,462.61041259765625,463.60876584488506,460.49628967743104,462.1308302694638,123623700,56.46243401675501,-0.00559631842527708,-0.002111199680282061,0.007074117930931045,0.03368846073696008,-16.925171077574205,-0.00816679770150941,0.002602445652424956,-0.0007617348529417312,3.1124761674540196,3.6319365362583125
2024-01-03,458.8323669433594,461.18138219560745,458.2255412390415,460.4375159158116,103585900,36.83491660538296,-0.00816679770150941,-0.014422452286897536,-0.00673779080133996,0.03065684394010537,-19.627517411372054,-0.0032211465778659853,0.016574638183031176,0.016425320114327846,2.9558409565659645,3.592403055909691
2024-01-04,457.3544006347656,460.9562257695221,457.12927536283803,458.35272383546027,84232200,23.67508910850125,-0.0032211465778659853,-0.019370114342342593,-0.015921276796229344,0.027539386718989256,-13.159827496881707,0.0013697579882920863,0.0194103541506343,0.03242185396556874,3.826950406684091,3.403418812952428
2024-01-05,457.9808654785156,460.4473270881045,456.52249444505304,457.55997646197653,86118900,15.424945670590134,0.0013697579882920863,-0.018397752699777614,-0.0007261275819145929,0.03311006938863037,-8.250143437911117,0.01427609313634326,0.018721184088855924,0.03318945271100371,3.9248326430514453,3.3718251478687113
2024-01-08,464.51904296875,464.6658508498078,458.3528431401252,458.4800865934937,74879100,28.627282928412214,0.01427609313634326,-0.0014936242011597267,0.004019545102372568,0.039923694730551684,13.20233725782208,-0.001517078631607216,0.0006952072613748417,0.02161804201464257,6.3130077096826085,3.5941428206649766
2024-01-09,463.8143310546875,464.8420160821066,461.3380719188353,461.84701585832823,65931400,43.020186887839664,-0.001517078631607216,0.002602445652424956,0.00048575168971343174,0.03390126831965512,14.39290395942745,0.005655315460945998,-0.003355448133958383,0.024288622887818523,3.503944163271342,3.628398723883452
2024-01-10,466.4373474121094,467.3084571861186,463.80448353404677,464.08833198358764,67310600,58.85496408056894,0.005655315460945998,0.016574638183031176,0.001913138967766237,0.03571975765697588,15.834777192729277,-0.0004406505821461515,-0.0001468835273820135,0.02406835442491362,3.5039736520718066,3.706001435129179
2024-01-11,466.2318115234375,467.96420403660454,462.2286911764114,467.44546301044596,77940700,68.20050791836708,-0.0004406505821461515,0.0194103541506343,-0.00033574097103150624,0.03055665227629656,9.34554383779814,0.0006927842307018484,0.012763750889871694,0.023218221010737006,5.735512860193126,3.5507981465320313
2024-01-12,466.5548095703125,468.4340398986522,465.13562701304636,467.6901735377371,58026400,75.6745292473717,0.0006927842307018484,0.018721184088855924,-2.0996326035360724e-05,0.017242746788060925,7.474021329004614,-0.0036712290918643475,0.014202383191911583,0.030607530003136985,3.298412885605842,3.4969650420698315
2024-01-16,464.84197998046875,466.48628784437733,463.0117055269017,465.16498716012916,85014900,72.35936366128703,-0.0036712290918643475,0.0006952072613748417,-0.0007994553181752684,0.010265924732116405,-3.3151655860846603,-0.005558779044720574,0.02090829915187431,0.03360484172011691,3.4745823174756083,3.487876240230711
2024-01-17,462.2580261230469,462.7474055485689,459.8894165610062,461.79800826828216,68843900,56.349614471973155,-0.005558779044720574,-0.003355448133958383,-0.0007617348529417312,0.006306994475807626,-16.00974918931388,0.008892889022715789,0.027737141561671397,0.022422718917486817,2.857988987562692,3.51094815976007
2024-01-18,466.36883544921875,466.9267352108962,462.3853092838849,463.94153240644374,91856200,53.290192404108524,0.008892889022715789,-0.0001468835273820135,0.016425320114327846,0.009576858942212496,-3.059422067864631,0.012466190558889867,0.024218795294377538,0.02667423724186424,4.541425927011289,3.71159340873105
2024-01-19,472.18267822265625,472.4665266846665,466.41780347643123,467.5042115854746,110834500,62.24099776721348,0.012466190558889867,0.012763750889871694,0.03242185396556874,0.015984379858106745,8.950805363104955,0.0021142697079887807,0.01032271357627046,0.024708188382445595,6.0487232082352875,4.053460956599865
2024-01-22,473.1809997558594,474.9133922471176,472.5252181536667,473.7291023475349,75844900,71.61824097267115,0.0021142697079887807,0.014202383191911583,0.03318945271100371,0.03243922535204713,9.377243205457667,0.002916506370929328,0.01617541733593164,0.01882298158778406,2.388174093450914,3.9632747127368595
2024-01-23,474.56103515625,474.80572488601405,472.63290876028725,473.7291139705338,49945300,77.70905012307252,0.002916506370929328,0.02090829915187431,0.02161804201464257,0.025724481811918,6.09080915040137,0.0010930254213135093,0.012436516167799061,0.018809528954080612,2.172816125726797,3.8961561383277723
2024-01-24,475.0797424316406,478.3879220447382,474.580565891583,477.44832197170126,81765000,82.89485267938772,0.0010930254213135093,0.027737141561671397,0.024288622887818523,0.024786172817140573,5.18580255631521,0.005439054003385069,-0.0051709940501996066,0.026185275613873626,3.80735615315524,3.9569786523698633
2024-01-25,477.6637268066406,477.93777811650847,475.0798187235087,477.22327333358226,72525000,87.08356630354419,0.005439054003385069,0.024218795294377538,0.02406835442491362,0.02602753949942027,4.188713624156463,-0.001270437772347921,0.002397380285118489,0.021084730884096237,2.85795939299976,3.8877650085352684
2024-01-26,477.056884765625,478.7305541413174,476.2053692914894,477.23305420109756,76641600,90.46352349842803,-0.001270437772347921,0.01032271357627046,0.023218221010737006,0.022874684731637895,3.3799571948838434,0.00791942273000612,0.01423849490154927,0.028292498816545386,2.5251848498280083,3.7877901661621656
2024-01-29,480.83489990234375,480.9817376407195,476.82201209206994,477.37011471599084,61322800,93.95147610888309,0.00791942273000612,0.01617541733593164,0.030607530003136985,0.030585891031422507,3.4879526104550536,-0.0007736101515117833,0.0026054204881214016,0.0197651713334821,4.159725548649533,3.633984297516946
2024-01-30,480.4629211425781,481.177395949412,479.69946060484085,480.1399140120972,58618400,96.86997204214062,-0.0007736101515117833,0.012436516167799061,0.03360484172011691,0.03277852083251198,2.9184959332575318,-0.016317207608400275,0.006294728296055929,0.0064984909306256,1.477935344571165,3.4892693818955047
2024-01-31,472.62310791015625,478.69139523915123,472.6035136155435,478.24117450333114,126011100,72.06721187860458,-0.016317207608400275,-0.0051709940501996066,0.022422718917486817,0.021643903898048045,-24.802760163536036,0.013088146547465707,0.031519255546973435,0.032492528853714786,6.087881623607757,3.6738342370052157
2024-02-01,478.8088684082031,478.8382299805873,473.5235464242378,474.33593304245267,91891600,59.1030695506211,0.013088146547465707,0.002397380285118489,0.02667423724186424,0.04353769024169507,-12.964142327983481,0.010527349661804797,0.01864265706047874,0.026185611126446906,5.314683556349507,3.643775001016386
2024-02-02,483.8494567871094,485.51332895629,478.90670653697305,479.2492781177707,99228200,62.055908941152694,0.010527349661804797,0.01423849490154927,0.024708188382445595,0.05793112762350394,2.9528393905315937,-0.00364117342789827,0.01385670528740901,0.010437988444998103,6.606622419316977,3.8800756819957525
2024-02-05,482.0876770019531,483.87882248887064,479.8169790887864,483.2132736155175,75757100,64.1013221760206,-0.00364117342789827,0.0026054204881214016,0.01882298158778406,0.05263715875607544,2.045413234867908,0.002903263767808806,0.017115158660329532,0.008547482507650583,4.0618434000842285,3.9220229021820825
2024-02-06,483.4873046875,483.8200791102588,481.598277417189,483.037054113165,55918600,66.4860368142451,0.002903263767808806,0.006294728296055929,0.018809528954080612,0.040834196155928204,2.3847146382244944,0.008340512148271806,0.00020248802745359562,0.006538823165842311,2.2218016930697786,3.8765809525754458
2024-02-07,487.51983642578125,487.9406956034412,484.8380166056108,485.74828512507054,70556500,72.24391831677845,0.008340512148271806,0.031519255546973435,0.026185275613873626,0.05110990278629113,5.757881502533351,0.0004416261607944616,0.0009435338230552315,0.018871678022917004,3.1026789978304237,3.7738133147768127
2024-02-08,487.7351379394531,488.1168383750432,486.6976559040994,487.5198097885674,52343600,77.5467017544284,0.0004416261607944616,0.01864265706047874,0.021084730884096237,0.045660560084882285,5.30278343764995,0.005779526539213764,0.007404906925589483,0.01912420172436602,1.419182470943781,3.443131833541705
2024-02-09,490.55401611328125,490.9944397357122,487.90155775321915,488.24412937245694,63979400,83.12363096272276,0.005779526539213764,0.01385670528740901,0.028292498816545386,0.0521676213177511,5.576929208294359,-0.0004389568206089045,-0.0033719921410803044,0.009556953465475804,3.0928819824930542,3.4934681113304293
2024-02-12,490.33868408203125,492.8051459562931,489.61438212636705,490.5246506776008,56502300,87.9103129064224,-0.0004389568206089045,0.017115158660329532,0.0197651713334821,0.050977664411225865,4.786681943699648,-0.01377309036212293,-0.008423506502413747,0.011876519301358801,3.190763829926027,3.5661786616303743
2024-02-13,483.585205078125,486.53127905269594,480.2965893692246,484.0256585499092,113099200,67.5738636968215,-0.01377309036212293,0.00020248802745359562,0.0064984909306256,0.04032171340988566,-20.3364492096009,0.009087587371545913,0.006335052366131189,0.024651839062180603,6.234689683471345,3.739559628081525
2024-02-14,487.9798278808594,488.46920732678694,483.89839015930903,486.23763824813125,68387800,57.44791443022281,0.009087587371545913,0.0009435338230552315,0.032492528853714786,0.05564381861260692,-10.125949266598695,0.006899759307667619,0.01791124433501845,0.019074524942678694,4.570817167477912,3.861906611972821
2024-02-15,491.3467712402344,491.53273782316427,488.20493362506164,488.6845458033632,61683000,57.64762213938261,0.006899759307667619,0.007404906925589483,0.026185611126446906,0.05355832957182094,0.19970770915980296,-0.004979984722167097,0.011633152388091483,0.021593183942486993,3.3278041981026263,3.9192365654210084
2024-02-16,488.8998718261719,492.18848742065717,488.1560054976972,491.0433562248227,75532900,58.43603691942527,-0.004979984722167097,-0.0033719921410803044,0.010437988444998103,0.03540408061227662,0.7884147800426575,-0.005505337581367953,0.012972689413306426,0.025604997568393184,4.03248192295996,3.9101477350146103
2024-02-20,486.20831298828125,487.82325930658317,483.9473821687879,487.1479132312173,71736700,52.85247275848827,-0.005505337581367953,-0.008423506502413747,0.008547482507650583,0.02753135320129796,-5.5835641609370015,0.000905845654495474,0.020472475837106874,0.020975800137508882,3.875877137795271,4.081429291673475
2024-02-21,486.64874267578125,486.80534769645107,483.07627838297776,484.8967856125797,59293400,46.69802475708926,0.000905845654495474,0.006335052366131189,0.006538823165842311,0.02547134430358655,-6.154448001399011,0.020695442625487948,0.01820147937109229,0.025220634539001807,3.7290693134733033,3.9129426980924427
2024-02-22,496.72015380859375,497.6891155849243,492.3353030771788,493.30429472286124,76402500,57.26666952835971,0.020695442625487948,0.01791124433501845,0.018871678022917004,0.045551113727116954,10.56864477127045,0.0006895820398038488,0.001142811432857327,0.014403810739466172,5.353812507745488,3.9157376231921552
2024-02-23,497.06268310546875,499.29425206696146,496.32861397511783,498.45250393209744,61321800,67.29937178885893,0.0006895820398038488,0.011633152388091483,0.01912420172436602,0.040612161255193735,10.032702260499228,-0.0036624457030590696,0.009845497383002666,0.007620389556568519,2.96563809184363,3.6556673140869163
2024-02-26,495.2422180175781,497.9436022039435,495.11497457845917,497.5031487407398,50386700,71.10433750007323,-0.0036624457030590696,0.012972689413306426,0.009556953465475804,0.038119842376632906,3.804965711214294,0.0018576423347729243,0.01247053181898039,0.010454768664495795,2.82862762548433,3.5675804730440666
2024-02-27,496.1622009277344,496.38732620906114,494.028513871041,495.93710551575634,48854500,71.51323785489197,0.0018576423347729243,0.020472475837106874,0.011876519301358801,0.03187643207367752,0.40890035481874065,-0.0013216065229189056,0.0004932267281279046,0.019430820415219596,2.3588123380201296,3.577366947683377
2024-02-28,495.5064697265625,496.09370114673266,494.2340652877106,494.59620128659884,56506600,70.37809130411672,-0.0013216065229189056,0.01820147937109229,0.024651839062180603,0.03131052974537485,-1.1351465507752465,0.0035949915118511644,0.006893679993712931,0.019179754872217014,1.8596358590220348,3.4885781520542065
2024-02-29,497.2878112792969,498.91255464581906,494.61581858519605,497.2780440014064,83924800,70.89962324800845,0.0035949915118511644,0.001142811432857327,0.019074524942678694,0.0521868333484643,0.5215319438917305,0.009388328179338545,0.013245861784323631,0.013521527018476087,4.2967360606230045,3.694117694174151
2024-03-01,501.9565124511719,502.3871687863037,497.7576579876665,498.16874989642076,76844800,76.51016079353248,0.009388328179338545,0.009845497383002666,0.021593183942486993,0.04834422578663378,5.610537545524025,-0.001072524376811379,-0.0022034141184966716,-0.002799895988055967,4.62951079863717,3.8038768953273023
2024-03-04,501.41815185546875,503.27781758430046,501.1245361453111,501.1539275856768,49799300,82.72702299821023,-0.001072524376811379,0.01247053181898039,0.025604997568393184,0.03631025068214444,6.216862204677753,-0.009994114593191772,-0.0019909351345396287,0.004203592471791806,2.1532814389893815,3.729771010260399
2024-03-05,496.40692138671875,499.852171759294,494.1851494829937,499.40192116874573,72855600,69.35911803493138,-0.009994114593191772,0.0004932267281279046,0.020975800137508882,0.029702572929918736,-13.367904963278846,0.005067236713634626,0.018928257764445178,0.019977915024361526,5.6670222763002585,3.689223338319607
2024-03-06,498.9223327636719,501.1930605051688,497.62059661226607,499.705327910019,68382400,62.01263012441633,0.005067236713634626,0.006893679993712931,0.025220634539001807,0.03192437097422496,-7.346487910515052,0.009926362893851959,0.01220195848143657,0.024221761661960883,3.5724638929027037,3.617912390135664
2024-03-07,503.87481689453125,504.93189312842094,498.98102288038933,502.24030642064287,58652100,63.096665980049174,0.009926362893851959,0.013245861784323631,0.014403810739466172,0.03354731284096135,1.084035855632841,-0.006002130704616415,0.00027206154453685016,0.01750666375143317,5.950870248031606,3.8052742508448767
2024-03-08,500.8504943847656,507.21239722419125,500.27303023090644,504.51107290066597,86532500,65.47291990701268,-0.006002130704616415,-0.0022034141184966716,0.007620389556568519,0.0268903251480328,2.376253926963507,-0.0008598045719229175,-0.0005977990684667978,0.021710019742419373,6.939366993284807,4.012908898725223
2024-03-11,500.41986083984375,501.007122167377,497.698912229313,499.6368656493673,62557200,60.29067865176485,-0.0008598045719229175,-0.0019909351345396287,0.010454768664495795,0.020111637867590515,-5.182241255247831,0.010757324263475532,0.0062068851119769786,0.019763921384862382,3.30820993806401,3.9723612416015612
2024-03-12,505.80303955078125,506.39027097966664,500.0087440051748,502.5437557737152,73114400,61.38730427935154,0.010757324263475532,0.018928257764445178,0.019430820415219596,0.03153811023028097,1.0966256275866897,-0.0015675611557609548,0.001030158160712169,0.0070473581939687335,6.381526974491862,4.161822503102887
2024-03-13,505.0101623535156,506.30213117139687,503.5616184086326,506.1259617515082,55104100,64.47141978048127,-0.0015675611557609548,0.01220195848143657,0.019179754872217014,0.04430441016475961,3.0841155011297303,-0.0019767136831359,0.011874906069691216,0.017104788546747685,2.74051276276424,3.9751582356042263
2024-03-14,504.01190185546875,506.14558906491726,500.9483817536982,505.988954188999,110171800,64.10869993158276,-0.0019767136831359,0.00027206154453685016,0.013521527018476087,0.03285396866553181,-0.3627198488985073,-0.006866535129323004,0.017229914609715458,0.018924568988745172,5.197207311219074,4.134556036988187
2024-03-15,500.55108642578125,502.3870776145681,498.8722167963723,500.9241752239074,107646300,55.60698687422104,-0.006866535129323004,-0.0005977990684667978,-0.002799895988055967,0.018732829285341035,-8.50171305736172,0.005943095677383825,0.02232116238096471,0.02418440417659773,3.514860818195814,4.183572693610436
2024-03-18,503.5259094238281,506.09822050628367,503.11357022244954,504.64517575188347,88893300,54.56467234759155,0.005943095677383825,0.0062068851119769786,0.004203592471791806,0.02991622301520369,-1.0423145266294966,0.005557186241044176,0.013473408375034968,0.01166014537256399,2.984650283834128,4.228275404025721
2024-03-19,506.3240966796875,506.60879710530685,501.8176083387377,502.82889109663125,60755300,56.61080760635462,0.005557186241044176,0.001030158160712169,0.019977915024361526,0.04137276791458544,2.046135258763073,0.009249044133442075,0.006011007744574526,0.007174453874059239,4.791188766569121,4.437672040279084
2024-03-20,511.0071105957031,511.14457694143016,505.7054279429096,506.3828721619349,69594600,65.24783152486316,0.009249044133442075,0.011874906069691216,0.024221761661960883,0.05005328439972989,8.63702391850854,0.0033049898054193783,0.005168506942592632,-0.01423658055952215,5.439148998520579,4.5192729644146254
2024-03-21,512.6959838867188,514.5711955635512,512.4112235285457,513.8643283108137,60256100,75.61833339650967,0.0033049898054193783,0.017229914609715458,0.01750666375143317,0.032162637162254315,10.37050187164651,-0.0018958903744292765,0.0016659501993510073,-0.007219573879129415,2.1599720350054668,4.342877338440933
2024-03-22,511.7239685058594,513.0984524678242,511.48828618374193,512.6075524976269,79070800,79.27868821210988,-0.0018958903744292765,0.02232116238096471,0.021710019742419373,0.029495848106706024,3.660354815600215,-0.0027629131406162744,0.0018225601349126652,-0.004777444123154506,1.610166284082311,4.304083398804713
2024-03-25,510.31011962890625,511.468636243778,510.1529980976285,510.3395424633294,48512100,76.61794451712022,-0.0027629131406162744,0.013473408375034968,0.019763921384862382,0.03042531727534037,-2.6607436949896623,-0.0018469257154803964,-0.001789156960100402,-0.0008656343003360378,1.3156381461495243,3.993270246651089
2024-03-26,509.36761474609375,512.0872197037324,508.96510314507884,511.7435537767085,65463700,71.66418292616139,-0.0018469257154803964,0.006011007744574526,0.0070473581939687335,0.026615114560657016,-4.953761590958834,0.00840383158354352,0.001156494432494437,-0.009039924490853113,3.1221165586536017,3.9611025799190105
2024-03-27,513.6482543945312,513.6875647434284,510.03523783042095,512.2148648432812,82999800,70.090937298581,0.00840383158354352,0.005168506942592632,0.017104788546747685,0.03661260907043262,-1.5732456275803912,-0.00019107342507318492,-0.019305307884286083,-0.009882048996311954,3.652326913007471,3.796920913131572
2024-03-28,513.5501098632812,515.0620602218481,513.2654094489675,513.6875762388729,96294900,72.04190343750211,-0.00019107342507318492,0.0016659501993510073,0.018924568988745172,0.032701985078115614,1.9509661389211175,-0.001739837330736127,-0.008870745857650464,-0.023362120654789265,1.7966507728806391,3.4295840402455604
2024-04-01,512.6566162109375,514.8362431784628,511.4882719174824,514.2962652111693,62477500,70.84643137160728,-0.001739837330736127,0.0018225601349126652,0.02418440417659773,0.021316794372314263,-1.1954720658948332,-0.006358098932705114,-0.006587997236934262,-0.03391672657198175,3.3479712609804437,3.432424134739591
2024-04-02,509.3970947265625,509.5345011723104,507.08000138258785,508.80797882244235,74230300,54.643880764035636,-0.006358098932705114,-0.001789156960100402,0.01166014537256399,0.01591275234366396,-16.202550607571645,0.0010985552054993963,0.0009251779483299138,-0.02950816215075025,2.454499789722547,3.1519221929703543
2024-04-03,509.9566955566406,511.46870586053615,508.248373198387,508.2974512119765,59155800,45.4913974384187,0.0010985552054993963,0.001156494432494437,0.007174453874059239,0.02729569952826294,-9.152483325616934,-0.012206093010755481,-0.010184640443377857,-0.03631038437999268,3.220332662149133,3.186195042926418
2024-04-04,503.73211669921875,514.3355443672095,503.42776110615574,513.9919383481855,96858100,35.80675895180922,-0.012206093010755481,-0.019305307884286083,-0.01423658055952215,0.009640346041244863,-9.68463848660948,0.01044686348128776,0.00960875893765123,-0.026409683481949386,10.907783261053794,3.5940933250574694
2024-04-05,508.9945373535156,510.96796482720384,504.6549983834538,505.0968203427488,74546500,32.59763090557318,0.01044686348128776,-0.008870745857650464,-0.007219573879129415,0.010160699219973202,-3.2091280462360388,0.0005593350526085228,-0.014621074634386222,-0.04488548380743307,6.312966443750042,3.793958012597057
2024-04-08,509.27923583984375,510.7126853242271,508.46438503558613,509.7014625472124,48401800,35.57871584040677,0.0005593350526085228,-0.006587997236934262,-0.004777444123154506,0.016828857213032844,2.9810849348335893,0.0011568149734821898,-0.027509964907848516,-0.03662857916036022,2.248300288640962,3.741361584368974
2024-04-09,509.8683776855469,511.2723444794694,504.9888005775902,511.02689448211964,68049200,37.716298455160455,0.0011568149734821898,0.0009251779483299138,-0.0008656343003360378,0.018881178756266603,2.1375826147536827,-0.010013187595627748,-0.030405209869394767,-0.026322879003016997,6.28354390187917,3.8479583797482633
2024-04-10,504.7629699707031,506.7658202343314,502.76994729416265,504.1346036402,82652800,31.557172627171948,-0.010013187595627748,-0.010184640443377857,-0.009039924490853113,-0.002056273882817816,-6.1591258279885075,0.0075468832574077105,-0.02639456307115451,-0.016941460899235428,3.995872940168738,3.7448672327231316
2024-04-11,508.5723571777344,510.0254018796054,502.7601184459389,506.29457417860783,70099000,33.875016167309575,0.0075468832574077105,0.00960875893765123,-0.009882048996311954,0.0070537091919451456,2.317843540137627,-0.013803083955084228,-0.035675643758777076,-0.028011630913574725,7.265283433666525,4.109532332627493
2024-04-12,501.552490234375,506.43203698768644,499.8146852171386,505.0084151327042,92561100,30.421545321176524,-0.013803083955084228,-0.014621074634386222,-0.023362120654789265,-0.004879669730099012,-3.453470846133051,-0.012528117042834297,-0.030713473156347093,-0.005070012105965915,6.6173517705478275,4.467188438803602
2024-04-15,495.26898193359375,505.92148710242344,494.41479083445734,505.754597894728,92101400,23.867872338532344,-0.012528117042834297,-0.027509964907848516,-0.03391672657198175,-0.010552578219147901,-6.55367298264418,-0.0018237751813515723,-0.00937656317645219,0.011121097365736077,11.506696267966106,5.1951211617905
2024-04-16,494.36572265625,497.2816696769287,493.069739544358,495.7500641672951,73484000,17.531575609173412,-0.0018237751813515723,-0.030405209869394767,-0.02950816215075025,-0.018192086238541072,-6.336296729358931,-0.005918190922909572,0.004210347361528033,-0.003078266718421707,4.2119301325706715,5.272964988498862
2024-04-17,491.4399719238281,497.00679103817805,490.03600513214803,496.8398718568974,75910300,12.810129954687493,-0.005918190922909572,-0.02639456307115451,-0.03631038437999268,-0.029396437683817056,-4.721445654485919,-0.002057750781584544,0.009709376933779268,-0.0003995403485141935,6.970785906030017,5.509997773714758
2024-04-18,490.4287109375,494.9548243860695,489.4861913543406,492.8439604399473,74548100,9.414374942468307,-0.002057750781584544,-0.035675643758777076,-0.026409683481949386,-0.04027028045502923,-3.395755012219187,-0.008728362661016842,0.007947546689658802,0.011030612366810688,5.468633031728928,5.772282220775351
2024-04-19,486.1480712890625,491.35159908684795,484.871713365081,490.3501739150544,102212600,6.1745427617073805,-0.008728362661016842,-0.030713473156347093,-0.04488548380743307,-0.051781003620114285,-3.239832180760926,0.009209107287462048,0.026456017225252815,0.03257531340041808,6.479885721766948,5.995990396545815
2024-04-22,490.62506103515625,493.23665243811826,486.4131309562078,488.76944479009535,67961000,11.446234614129674,0.009209107287462048,-0.00937656317645219,-0.03662857916036022,-0.041231032293265635,5.271691852422293,0.011866725733140182,0.020691677362201677,0.0337188950887124,6.823521481910461,6.308063374559238
2024-04-23,496.4471740722656,496.8791684779963,490.43856274439565,492.6476127891807,64633600,27.671066899488604,0.011866725733140182,0.004210347361528033,-0.026322879003016997,-0.027165727316404542,16.22483228535893,-0.0004746249611420339,-0.007258055146613374,0.022723108002351333,6.440605733600648,6.538082879662917
2024-04-24,496.2115478515625,498.1358674864195,493.97304502182635,497.3406118733658,55928100,42.903895481614,-0.0004746249611420339,0.009709376933779268,-0.016941460899235428,-0.025828235862794702,15.232828582125396,-0.003799048700296348,-0.010011709817919656,0.023307765257511548,4.162822464593148,6.056299965630013
2024-04-25,494.326416015625,495.09221872977014,488.4356166876918,490.09486089536534,69122400,48.39075182419958,-0.003799048700296348,0.007947546689658802,-0.028011630913574725,-0.03761686760073213,5.4868563425855825,0.009473895931421117,0.0030587560704695704,0.033128724822337086,6.656602042078362,6.080845365510608
2024-04-26,499.0096130371094,500.60012403741905,496.49620775921056,497.13437168422746,64306100,58.091556618257776,0.009473895931421117,0.026456017225252815,-0.005070012105965915,-0.028313686526214354,9.700804794058193,0.003541622086277174,0.0059615766018958904,0.02475123607570584,4.103916278208487,6.2133893647654315
2024-04-29,500.77691650390625,501.4543609156255,498.0180608408243,500.8063693060611,46415400,65.99515551949841,0.003541622086277174,0.020691677362201677,0.011121097365736077,-0.02317282042477964,7.903598901240635,-0.015841351981278118,0.012763127216023795,0.02127193963383789,3.4363000748011814,6.010014805688432
2024-04-30,492.84393310546875,500.28596329273006,492.84393310546875,499.3041633757631,77483600,62.819087767184875,-0.015841351981278118,-0.007258055146613374,-0.003078266718421707,-0.03249559487570153,-3.1760677523135357,-0.0032470954227094007,0.0302003590201807,0.042471753012939706,7.4420301872613095,6.256168894766473
2024-05-01,491.2436218261719,498.9409300087414,490.7723470533853,492.2548745985235,80242800,55.98997754695764,-0.0032470954227094007,-0.010011709817919656,-0.0003995403485141935,-0.036695417264876906,-6.829110220227236,0.009353440759502174,0.033656433521352946,0.05881883729033688,8.1685829553561,6.320690289172871
2024-05-02,495.83843994140625,496.682803499829,490.45816529457255,494.9744511698694,62550200,51.13450918679362,0.009353440759502174,0.0030587560704695704,0.011030612366810688,-0.01567038609635818,-4.855468360164018,0.012395281676089054,0.02997827252878782,0.04684866731980786,6.22463820525644,6.292639320223486
2024-05-03,501.9844970703125,503.2215446139362,499.3041724618414,501.8568582848392,72756700,58.04868753199259,0.012395281676089054,0.0059615766018958904,0.03257531340041808,-0.013772329109171588,6.91417834519897,0.010326810800005859,0.018678307313964027,0.0355180865398248,3.9173721520947993,5.750544740518393
2024-05-06,507.16839599609375,507.2076464204613,503.9578910557652,504.39971300822606,47264700,68.95598076781494,0.010326810800005859,0.012763127216023795,0.0337188950887124,-0.0041447592896047825,10.907293235822344,0.001103382692013044,0.008401581958462412,0.026114613884654414,3.2497553646961137,5.681817971384496
2024-05-07,507.7279968261719,509.13196344291896,507.050552522005,508.1403359908753,52561300,77.4655072745586,0.001103382692013044,0.0302003590201807,0.022723108002351333,-0.004197908623184032,8.509526506743669,9.677091097670676e-05,0.011911657655050867,0.02749754451326658,2.0814109209139815,5.332576901019065
2024-05-08,507.7771301269531,508.3171081269149,505.76445216837857,505.8822633711224,42047200,81.5831325310427,9.677091097670676e-05,0.033656433521352946,0.023307765257511548,0.0059714367645173905,4.117625256484089,0.005761759487935558,0.02434310178214938,0.024439743128743086,2.55265595853632,5.12429282436245
2024-05-09,510.70281982421875,510.7421301704395,507.3058306373819,507.96361976918945,43643700,84.98082011542392,0.005761759487935558,0.02997827252878782,0.033128724822337086,0.0041891042964017355,3.397687584381231,0.0012882207101287957,0.016379369585729275,0.011130996593308184,3.4362995330575927,4.9068938108832105
2024-05-10,511.3607177734375,513.1279457174053,510.1334678228607,512.3130349714144,52233200,88.34333771001153,0.0012882207101287957,0.018678307313964027,0.02475123607570584,0.019555734903198507,3.362517594587601,0.00013433778929772267,0.016531007978626278,0.01651179128908664,2.994477894544559,4.633390697499932
2024-05-13,511.4294128417969,513.1573904337706,510.2807236178911,513.0494068153514,36716400,91.08223873537142,0.00013433778929772267,0.008401581958462412,0.02127193963383789,0.03262960431140005,2.738901025359894,0.004588054588833268,0.017565454322067575,0.017085459639959888,2.876666815879503,4.378823631948421
2024-05-14,513.77587890625,514.2962616201814,511.08575675127395,511.62573471479726,57535900,93.85328330249054,0.004588054588833268,0.011911657655050867,0.042471753012939706,0.03926274691074516,2.7710445671191195,0.012383067876941212,0.015402418521725192,0.005350746474335422,3.210504868907492,4.310800946542303
2024-05-15,520.1380004882812,520.432528485142,515.621684813936,516.2598787440616,59504900,97.22695196514938,0.012383067876941212,0.02434310178214938,0.05881883729033688,0.05839579644307258,3.3736686626588437,-0.0020575124845384485,9.434470386504579e-05,-0.013534005926584047,4.810843671206044,4.178961062908566
2024-05-16,519.0678100585938,521.8463206535929,518.9205160986112,520.2361543782758,50244800,99.29164106233905,-0.0020575124845384485,0.016379369585729275,0.04684866731980786,0.05839604917572516,2.064689097189671,0.0014376075839268587,-0.005163793313278653,-0.002496705531614407,2.9258045549817098,4.094810225535225
2024-05-17,519.8140258789062,519.8827590703391,517.722787069295,519.1856594923631,59187600,97.04651454468451,0.0014376075839268587,0.016531007978626278,0.0355180865398248,0.0692504127406608,-2.2451265176545405,0.0011520984877475549,-1.8904184317936057e-05,-0.003116489814695589,2.159972001044139,4.003643934552579
2024-05-20,520.4129028320312,521.8856028241897,519.5390864548481,519.9318304224834,37764200,94.80176032995765,0.0011520984877475549,0.017565454322067575,0.026114613884654414,0.060714064899225706,-2.2447542147268678,0.0024526048077482265,-0.0004717089009546038,-0.003150668303143922,2.346516369341657,3.6396786618440324
2024-05-21,521.6892700195312,521.8463915881117,519.4409694354079,519.6471690225495,33437000,93.29997956164857,0.0024526048077482265,0.015402418521725192,0.02749754451326658,0.050845482189392444,-1.5017807683090751,-0.002879486606210513,-0.0098992004194981,0.006229177042681222,2.4054221527038635,3.228024318797444
2024-05-22,520.1870727539062,521.7088506578033,517.997618165417,520.9921558859738,48390000,86.6512659560048,-0.002879486606210513,9.434470386504579e-05,0.024439743128743086,0.04831714418205313,-6.6487136056437635,-0.007304336806979395,-0.013627064989038207,0.009116077038559656,3.71123249238633,3.048495339306722
2024-05-23,516.387451171875,523.3680334598452,515.1699690674482,523.2600498622581,57211200,70.92684947580351,-0.007304336806979395,-0.005163793313278653,0.011130996593308184,0.04462847713878326,-15.724416480201299,0.006616636479297,0.0026809315581173276,0.015305492872045745,8.198064392396986,3.354259070756878
2024-05-24,519.80419921875,520.6191100051178,517.2907935924079,518.2431108375699,41291100,59.67798596489311,0.006616636479297,-1.8904184317936057e-05,0.01651179128908664,0.041671714609021304,-11.248863510910397,0.0006987635255537583,-0.003097644188814308,0.011748057176727666,3.32831641270991,3.3598705741864348
2024-05-28,520.1674194335938,520.8546913706681,517.5165476330567,520.6190689749426,36269600,53.5329381851936,0.0006987635255537583,-0.0004717089009546038,0.017085459639959888,0.038720840139875534,-6.14504777969951,-0.007002468664134565,-0.002680223687559269,0.013476566464724948,3.3381437376114036,3.4496372039505365
2024-05-29,516.5249633789062,517.7129629685619,515.808268544491,516.1126241518484,45190300,39.02034219679244,-0.007002468664134565,-0.0098992004194981,0.005350746474335422,0.048049755069968114,-14.51259598840116,-0.006633781355813051,0.016289631792048453,0.029005836758640324,1.9046944240708399,3.403354237203002
2024-05-30,513.0984497070312,515.6413379056687,511.84177695073043,514.9737211407102,46377600,22.94798579174283,-0.006633781355813051,-0.013627064989038207,-0.013534005926584047,0.04448877687127051,-16.07235640504961,0.009108195282162113,0.02305734597973852,0.03796348228565516,3.799560954938272,3.4293014816230505
2024-05-31,517.7718505859375,517.8994893772648,508.92582317948944,514.0606778227026,90785800,20.710444383269234,0.009108195282162113,0.0026809315581173276,-0.002496705531614407,0.04423499446134738,-2.2375414084735965,0.000815378772143438,0.01259080622417974,0.029220548818166492,8.973666197775344,3.8563863604252497
2024-06-03,518.1940307617188,519.6765583574672,513.0886587497955,519.391857928712,46835700,29.68632170880073,0.000815378772143438,-0.003097644188814308,-0.003116489814695589,0.03229090497019027,8.975877325531496,0.0011177736493048762,0.014891830959173458,0.03656674586880171,6.587899607671716,4.121474416981836
2024-06-04,518.7732543945312,519.5194318932624,515.4056879878339,516.8783878118635,34632700,40.109937955078344,0.0011177736493048762,-0.002680223687559269,-0.003150668303143922,0.022881667095295377,10.423616246277614,0.011885174104464769,0.016200210339780252,0.038040110447797426,4.113743905428578,4.185991491019057
2024-06-05,524.93896484375,524.9586200186185,519.1070707176025,521.1099809761525,47610400,59.41387418427991,0.011885174104464769,0.016289631792048453,0.006229177042681222,0.033898008628959975,19.303936229201568,-1.871962421229334e-05,0.012512382857009952,0.023061065507057554,5.851549301016007,4.260327607434054
2024-06-06,524.9291381835938,525.6753157381511,522.9851934462151,525.2433213604766,30808500,72.9662109317754,-1.871962421229334e-05,0.02305734597973852,0.009116077038559656,0.033778614748467106,13.552336747495481,-0.0012156356204607865,0.014570186475364899,0.02170854301739711,2.6901222919359498,4.243493160073642
2024-06-07,524.291015625,527.1186043544275,522.8477384972871,523.9473496782516,43224500,81.09237512223264,-0.0012156356204607865,0.01259080622417974,0.015305492872045745,0.026606854854371642,8.126164190457246,0.0030896448701185353,0.016422964233693493,0.019626928292299395,4.270865857140393,4.394271292651946
2024-06-10,525.910888671875,526.2348994057324,522.8771606503717,523.4760441854506,35686100,86.55930026860186,0.0030896448701185353,0.014891830959173458,0.011748057176727666,0.0284538299339685,5.466925146369221,0.0024083957753728846,0.02135687198225167,0.020400569881775965,3.3577387553607423,4.466501463081881
2024-06-11,527.177490234375,527.2363958338547,522.3666465543927,524.3499016107278,36383400,90.95913722866018,0.0024083957753728846,0.016200210339780252,0.013476566464724948,0.030792279437102943,4.399836960058323,0.008213006044961446,0.021491729568442697,0.019219485402573788,4.869749279461985,4.64252482927889
2024-06-12,531.5072021484375,534.2169795758864,530.4664966070287,531.7723073085223,63251300,96.34251424735342,0.008213006044961446,0.012512382857009952,0.029005836758640324,0.03451178611174743,5.383377018693238,0.0020136161100312577,0.010418324584122507,0.012510487225049882,3.750482968857682,4.645328434741129
2024-06-13,532.5774536132812,533.4414424585367,529.7695198283611,533.2647256389599,44760900,98.47578826852073,0.0020136161100312577,0.014570186475364899,0.03796348228565516,0.023915678364823334,2.13327402116731,0.000608314541250321,0.007035842997546782,0.006499499355298921,3.6719226301755725,4.322032594582457
2024-06-14,532.9014282226562,532.930851061761,530.0247015137712,531.0359842688257,40089900,99.45351767885151,0.000608314541250321,0.016422964233693493,0.029220548818166492,0.026650888180680843,0.977729410330781,0.00795883018516541,0.0031521956619915414,0.007957684848466817,2.9061495479897985,4.29187781853102
2024-06-17,537.1427001953125,538.5467267827651,531.7526283434909,532.2141054561657,55839500,100.0,0.00795883018516541,0.02135687198225167,0.03656674586880171,0.03333629616304945,0.5464823211484884,0.0025407514488304805,-0.000936305542860616,0.006728673425489662,6.794098439274194,4.5387317257926485
2024-06-18,538.5074462890625,538.635085076816,536.7794687849962,537.2016355735989,41376400,100.0,0.0025407514488304805,0.021491729568442697,0.038040110447797426,0.0347695903744174,0.0,-0.0027164519263834785,-0.002224437163900417,0.008658485084166223,1.8556162918198424,4.535226144917577
2024-06-20,537.0446166992188,540.107828000523,535.2577334527383,539.4402111706817,70328200,98.2416603432623,-0.0027164519263834785,0.010418324584122507,0.023061065507057554,0.02943389400957508,-1.7583396567377036,-0.0013407298311762794,0.0020705905564295524,0.017238101093779656,4.850094547784693,4.610264258692321
2024-06-21,536.3245849609375,537.447462175694,534.8569932184257,536.2162529799443,64338600,90.05075658702526,-0.0013407298311762794,0.007035842997546782,0.02170854301739711,0.031022516806498368,-8.190903756237034,-0.003250544943964706,-0.0005325963777528253,0.01977924107747442,2.5904689572682855,4.154321598656103
2024-06-24,534.5812377929688,538.7279725053055,534.4630465053735,536.1473625300707,45528700,80.89207804343968,-0.003250544943964706,0.0031521956619915414,0.019626928292299395,0.03523282097542313,-9.15867854358558,0.003850738801351117,0.004790388943229251,0.024099913924393368,4.264925999931961,3.9883949123889773
2024-06-25,536.6397705078125,537.004203612723,534.2856841465313,535.8123714938099,37936200,72.90278138019181,0.003850738801351117,-0.000936305542860616,0.020400569881775965,0.03238829411991251,-7.98929666324787,0.0012481367231760299,0.007672162456584308,0.0302663487826742,2.718519466191765,3.8887360238720623
2024-06-26,537.3095703125,538.0285772692542,534.8668704239683,535.5169224493349,38550600,68.055069679985,0.0012481367231760299,-0.002224437163900417,0.019219485402573788,0.03295506453974406,-4.8477117002068155,0.0015764578657047057,0.010907184594832753,0.02010943648276542,3.1617068452859485,3.6966044198913437
2024-06-27,538.1566162109375,538.7377734099973,536.4230640239002,537.1716488426333,35041500,68.6613827450236,0.0015764578657047057,0.0020705905564295524,0.012510487225049882,0.04187920113391108,0.6063130650386057,-0.003935054810178085,0.015136169727252291,0.024928213830352153,2.3147093860970926,3.6697892123314255
2024-06-28,536.0389404296875,542.00790070753,534.7880726863442,538.9347470490513,76144500,69.54131313403988,-0.003935054810178085,-0.0005325963777528253,0.006499499355298921,0.04470972526959449,0.8799303890162804,0.002057965067198797,0.02032266123098503,0.03180702632132082,7.219828021185776,3.8804293669060956
2024-07-01,537.14208984375,537.6739505394513,534.3644748642668,537.4277087162804,40297800,59.38872991383533,0.002057965067198797,0.004790388943229251,0.007957684848466817,0.03741076158522749,-10.152583220204555,0.006729817365669577,0.019217465845262183,0.03579406981574751,3.309475675184558,3.876982004036368
2024-07-02,540.7569580078125,540.7569580078125,535.4775472099752,535.5267835560936,40434800,62.953127959996,0.006729817365669577,0.007672162456584308,0.006728673425489662,0.04354146498547551,3.564398046160676,0.004462535223858088,0.022422159872917513,0.01444406745914839,5.279410797837272,3.906243541063174
2024-07-03,543.1701049804688,543.5345380828469,540.4023491902368,540.4417262410547,32789900,74.90554510130829,0.004462535223858088,0.010907184594832753,0.008658485084166223,0.047027965260875826,11.952417141312289,0.005766409241896531,0.00910296417729084,0.002176014088300704,3.1321888926100883,3.8620796784740605
2024-07-05,546.30224609375,546.7060562116288,542.8351421606977,543.475394915709,41488400,83.97473359200266,0.005766409241896531,0.015136169727252291,0.017238101093779656,0.04069669557937816,9.069188490694373,0.0011539987862287937,0.009646040004397394,-0.010186673185398676,3.8709140509311055,3.87629335138517
2024-07-08,546.9326782226562,547.8880676594589,545.859037400113,547.0902465409208,36110500,89.24556717885355,0.0011539987862287937,0.02032266123098503,0.01977924107747442,0.04191716260065337,5.270833586850884,0.0009725536759794817,0.01125562091944543,-0.0011344785622497966,2.029030259345859,3.8136419736248888
2024-07-09,547.464599609375,548.8041408748146,547.1691214063575,547.8979876796808,27289700,92.43766812326868,0.0009725536759794817,0.019217465845262183,0.024099913924393368,0.04419984949913758,3.192100944415131,0.009895246865544438,0.016264050142368758,-0.0036702617490518286,1.6350194684571306,3.445136332852241
2024-07-10,552.8818969726562,553.2266115086117,548.4003074170465,548.695785607528,38701200,95.2765071925407,0.009895246865544438,0.022422159872917513,0.0302663487826742,0.051284369427857524,2.8388390692720264,-0.008622698645911364,-0.0078031293988783945,-0.03579069058092599,4.8263040915651345,3.6573283185483336
2024-07-11,548.1145629882812,553.8766575443788,547.4743703382464,553.0000222525385,53054200,90.43284296383867,-0.008622698645911364,0.00910296417729084,0.02010943648276542,0.03971541490627373,-4.843664228702039,0.006307689412468953,-0.006864463127048248,-0.032472045226951574,6.402287206132314,3.768199222716021
2024-07-12,551.5718994140625,555.1965723285925,548.7746255893551,549.2473907163162,53084400,86.77212586141563,0.006307689412468953,0.009646040004397394,0.024928213830352153,0.03775056515606989,-3.6607171024230354,0.00275004166226811,-0.01964323377102506,-0.027768316625270018,6.421946739237455,4.04187620714239
2024-07-15,553.0887451171875,556.3489846422507,551.2172831044048,553.5812287923791,40584300,85.56173678130538,0.00275004166226811,0.01125562091944543,0.03180702632132082,0.03851325542368911,-1.2103890801102466,0.005930054119454686,-0.012252193436937397,-0.029864907723692213,5.131701537845856,4.103788745564811
2024-07-16,556.3685913085938,556.664069462671,553.6500720558217,554.4085160826455,36475300,86.48727194598385,0.005930054119454686,0.016264050142368758,0.03579406981574751,0.04403659259125203,0.9255351646784646,-0.014021106586848409,-0.019615287866010855,-0.04046999723439404,3.0139974068492847,4.124894312754634
2024-07-17,548.5676879882812,552.0840284475104,548.2426319478126,550.3997127297722,57119000,68.7944207982048,-0.014021106586848409,-0.0078031293988783945,0.01444406745914839,0.021269930297506567,-17.692851147779052,-0.007684807726264231,-0.028207669275444602,-0.01100644623065683,3.841396499697794,4.173443573784051
2024-07-18,544.35205078125,551.1089727595462,542.1555927413102,550.1141460777824,56270400,49.41469830886484,-0.007684807726264231,-0.006864463127048248,0.002176014088300704,0.01085334015799333,-19.379722489339954,-0.006640568587402806,-0.025784579394402596,-0.017461023310217816,8.953380018235976,4.647634333222543
2024-07-19,540.7372436523438,545.7507541733052,539.6734620267257,544.1156746223836,65509100,33.73773929095453,-0.006640568587402806,-0.01964323377102506,-0.010186673185398676,0.006875829006201872,-15.676959017910313,0.010309907884686664,-0.008287883691055375,-0.029308289159166834,6.0772921465794525,4.56602462789352
2024-07-22,546.3121948242188,546.9228698054537,542.7367583373153,544.686974560121,43346700,30.92113687831974,0.010309907884686664,-0.012252193436937397,-0.0011344785622497966,0.0186223233902445,-2.81660241263479,-0.0015685785561234677,-0.01783118541972717,-0.06719560386866885,4.186111468138392,4.6286414702473655
2024-07-23,545.4552612304688,548.3707261822221,544.9627775434685,546.2037859358935,34439600,33.00294771598452,-0.0015685785561234677,-0.019615287866010855,-0.0036702617490518286,0.020341199183109504,2.0818108376647793,-0.022662517054598985,-0.02127196508704121,-0.05711658357707439,3.4079486387536235,4.494965601741391
2024-07-24,533.0938720703125,540.9145154169191,532.1680003349537,540.6091779359837,74515300,26.736669631048414,-0.022662517054598985,-0.028207669275444602,-0.03579069058092599,-0.006607595322546733,-6.266278084936104,-0.005210545658966281,0.017700513269087947,-0.04170142462798576,8.746515081965413,4.895988900981057
2024-07-25,530.316162109375,539.2301633367359,529.3706320754927,533.2119680733931,61158300,20.887690335771264,-0.005210545658966281,-0.025784579394402596,-0.032472045226951574,-0.01301560327514295,-5.84897929527715,0.011199949359512962,0.008543855812722212,-0.014412627896002839,9.859531261243205,5.323747273146206
2024-07-26,536.2556762695312,538.9643367337299,533.3500102934989,534.1281730475959,53763800,22.51626625647976,0.011199949359512962,-0.008287883691055375,-0.027768316625270018,-0.003532317329461465,1.6285759207084958,0.0005876385568743814,-0.021196076081380744,-0.02103081340762869,5.614326440230911,5.579839857495139
2024-07-29,536.57080078125,538.8263542761403,534.5614289959356,537.8118692092069,39515800,25.881855730435355,0.0005876385568743814,-0.01783118541972717,-0.029864907723692213,0.0009922046915773475,3.3655894739555947,-0.005066330147411424,-0.05026062497213113,-0.021091717422106027,4.264925280204693,5.767690272619965
2024-07-30,533.8523559570312,539.1121085726509,530.4246884811519,538.0483268975827,46853600,27.458548837525743,-0.005066330147411424,-0.02127196508704121,-0.04046999723439404,-0.006124513325097447,1.5766931070903887,0.016254590192779306,-0.03662367604829142,7.374262816672861e-05,8.687420091499007,6.043484272615241
2024-07-31,542.5299072265625,545.1794720155896,539.3484816681636,540.7273999983412,65663400,41.9327150544905,0.016254590192779306,0.017700513269087947,-0.01100644623065683,0.003278643376650514,14.474166216964758,-0.014161063179435662,-0.058368780522927155,-0.012817576255989227,5.830990347425995,6.002677354136218
2024-08-01,534.8471069335938,546.5288047650866,531.3209071419874,544.2633919827645,76428700,47.73940162035867,-0.014161063179435662,0.008543855812722212,-0.017461023310217816,-0.015323004654636319,5.806686565868169,-0.01861830539653664,-0.02276200839102427,0.01852644119806901,15.207897623099257,6.6302452744120615
2024-08-02,524.88916015625,528.9176432227539,520.653752172347,527.6962932454506,82789100,38.22955047035698,-0.01861830539653664,-0.021196076081380744,-0.029308289159166834,-0.039196408381277914,-9.509851150001687,-0.029123754736165464,0.0001688414499712021,0.04017612535384618,8.263891050406869,6.853973096737848
2024-08-05,509.6024169921875,515.7092266413154,502.59928343934064,503.948713970534,146267400,24.882079797423494,-0.029123754736165464,-0.05026062497213113,-0.06719560386866885,-0.06825385045885224,-13.34747067293349,0.009219546583760119,0.030712538952246016,0.0816227561362437,13.109943201974716,7.57511208210395
2024-08-06,514.3007202148438,521.7864479457752,510.08503114656577,511.41471300744325,84826300,23.702847076246915,0.009219546583760119,-0.03662367604829142,-0.05711658357707439,-0.060577212514186685,-1.1792327211765787,-0.006684070107614182,0.03809250628656491,0.06999902566997651,11.701416799209426,8.136542103497638
2024-08-07,510.86309814453125,523.5987778575752,510.26228253766516,520.5256246649207,70698300,24.398920343231612,-0.006684070107614182,-0.058368780522927155,-0.04170142462798576,-0.07599959242326781,0.6960732669846976,0.023117376252108635,0.04837478125697059,0.08090078101730458,13.336495319910057,8.44962176790293
2024-08-08,522.6729125976562,523.3032459691668,513.9953532420095,516.0341826136271,63276600,29.853546527098914,0.023117376252108635,-0.02276200839102427,-0.014412627896002839,-0.046416665618076225,5.454626183867301,0.004409776267175758,0.04225014780802128,0.048186173997395665,9.30789272715731,8.680378952229919
2024-08-09,524.977783203125,526.4749529409472,520.6143846831733,521.8455939760821,45619600,38.73810547364844,0.004409776267175758,0.0001688414499712021,-0.02103081340762869,-0.04821513974730862,8.884558946549525,0.0005253896067960451,0.04000053015636351,0.054672491255907785,5.860568257773934,8.799983008632458
2024-08-12,525.2536010742188,527.6765824787605,522.9684694205855,526.1794728639009,42542100,47.756758013316016,0.0005253896067960451,0.030712538952246016,-0.021091717422106027,-0.050326722951252734,9.018652539667578,0.016445622725722586,0.049393225812261576,0.05160604734854757,4.708113058174945,8.892851895733981
2024-08-13,533.8917236328125,534.1281663146175,528.2183617399533,528.464603597231,52333100,60.655475140140425,0.016445622725722586,0.03809250628656491,7.374262816672861e-05,-0.04039923897018527,12.898717126824408,0.003154694223874266,0.03073571882100068,0.03601198635187486,5.909804574664236,8.69022971664104
2024-08-14,535.5759887695312,536.7678208880384,532.0005525316452,534.6894941203759,42446900,72.71697017585241,0.003154694223874266,0.04837478125697059,-0.012817576255989227,-0.02368294652277725,12.061495035711985,0.017140297237214774,0.031025164227373114,0.02675866567702312,4.767268356393174,8.326496652008895
2024-08-15,544.7559204101562,545.0415393102818,540.6289046503756,541.2395796214291,60846800,84.74096981428134,0.017140297237214774,0.04225014780802128,0.01852644119806901,0.0007419272662363419,12.023999638428933,0.002241834178666302,0.0056953949124962655,0.009546478144497605,4.412634659906189,8.240661524842844
2024-08-16,545.9771728515625,546.6765212143933,542.973034878639,543.130603180795,44430700,92.58581299205899,0.002241834178666302,0.04000053015636351,0.04017612535384618,0.00969034269551372,7.844843177777648,0.00956156815486131,0.014107647711812499,0.016904091426884982,3.7034863357542918,8.200558743096385
2024-08-19,551.1975708007812,551.1975708007812,545.5340084715398,546.3909252667271,39121800,97.78467189005544,0.00956156815486131,0.049393225812261576,0.0816227561362437,0.008942461879575037,5.198858897996445,-0.0016260980037141604,0.002108667639409534,-0.013455697992463822,5.663562329241472,7.984568902935133
2024-08-20,550.30126953125,552.4091140848926,548.9518690734592,550.7445168615222,33732300,100.0,-0.0016260980037141604,0.03073571882100068,0.06999902566997651,0.00888433689290924,2.215328109944565,0.0034363944820707815,0.00511893343223746,-0.013871352428579176,3.4572450114334288,7.81501566464995
2024-08-21,552.1923217773438,553.6599133261844,546.3908503843311,551.3551236817697,41514600,100.0,0.0034363944820707815,0.031025164227373114,0.08090078101730458,0.0358256785673805,0.0,-0.0078483548188103,-0.004138112917493442,-0.019638848566046252,7.269062941853349,7.247956044560957
2024-08-22,547.8585205078125,554.7139150306325,546.6371705904586,554.1032400719556,56121500,100.0,-0.0078483548188103,0.0056953949124962655,0.048186173997395665,0.03307905670583633,0.0,0.010625199278886166,0.00382927400431865,-0.02851389810780036,8.076744440173911,7.234588429544317
2024-08-23,553.6796264648438,554.625216635447,548.9123586831241,551.118735747865,50639400,99.69800193574432,0.010625199278886166,0.014107647711812499,0.054672491255907785,0.03249187088614591,-0.30199806425568454,-0.0023836224424947927,0.002757541293946675,-0.027965095468912682,5.712857952322906,6.70622519742633
2024-08-26,552.35986328125,555.4329568526259,550.6460295723259,554.7139498665612,35788600,97.69184014026297,-0.0023836224424947927,0.002108667639409534,0.05160604734854757,0.02942586975849415,-2.006161795481347,0.001372948808954444,-0.015531614618738976,-0.021398443114725274,4.786927280300006,6.212333088932801
2024-08-27,553.1182250976562,553.6107087392104,549.9269407192061,551.079335607506,32693900,93.04493017961018,0.001372948808954444,0.00511893343223746,0.03601198635187486,0.036088384598560674,-4.646909960652792,-0.005805155849697541,-0.018893570928934178,-0.012714558098952722,3.6837680200043224,5.522852567510962
2024-08-28,549.9072875976562,553.2069644594469,546.6962842536592,552.7735763985828,41066000,75.08059002358316,-0.005805155849697541,-0.004138112917493442,0.02675866567702312,0.013598108183210167,-17.96434015602702,8.934833541829335e-05,-0.015565145980196204,0.0014150334512399443,6.510680205787708,5.323051673127419
2024-08-29,549.9564208984375,555.2063129916213,548.8040260888799,551.886978283764,38715200,62.066303556537925,8.934833541829335e-05,0.00382927400431865,0.009546478144497605,0.028249781608559177,-13.014286467045231,0.009546210936901778,-0.03221979369370309,0.006555251292771569,6.402286902741366,5.361745862053665
2024-08-30,555.2064208984375,555.7186231878466,548.7647556974438,552.340192195133,62700100,60.10861834988708,0.009546210936901778,0.002757541293946675,0.016904091426884982,0.057759357676890444,-1.9576852066508437,-0.02057900938184809,-0.030638150796866714,-0.0014902431725953846,6.953867490402786,5.5221568929270815
2024-09-03,543.7808227539062,552.3795689772274,541.2494493044308,552.0446536071696,60600100,40.01623561810304,-0.02057900938184809,-0.015531614618738976,-0.013455697992463822,0.06706876698789821,-20.092382731784042,-0.0020467365299537965,-0.005959387404516958,0.01990660326478899,11.130119672796695,5.895036542793686
2024-09-04,542.6678466796875,546.0955142822328,541.2002547491184,541.9291210675773,47224900,27.185798334145034,-0.0020467365299537965,-0.018893570928934178,-0.013871352428579176,0.055156692086671955,-12.830437283958005,-0.00243232816747585,0.006298004627114606,0.0189671209426987,4.895259533114427,5.904178769702347
2024-09-05,541.347900390625,545.4749160649053,538.875622679528,542.6086874774144,44264300,19.578537496978093,-0.00243232816747585,-0.015565145980196204,-0.019638848566046252,0.059673134263984684,-7.60726083716694,-0.016830141776643548,0.017248657300277248,0.03888203138776225,6.599293385377337,6.060368678664572
2024-09-06,532.2369384765625,543.3079617814396,531.3307853548916,541.6729424455356,68493800,12.24809195475175,-0.016830141776643548,-0.03221979369370309,-0.02851389810780036,0.018298300234028897,-7.330445542226343,0.011196112002403558,0.040065962016795575,0.05483929785772523,11.977176426547999,6.651346542292694
2024-09-09,538.1959228515625,539.4764283569401,534.5220142860865,536.4624310089539,40445800,12.437246846564609,0.011196112002403558,-0.030638150796866714,-0.027965095468912682,0.02517847434950049,0.1891548918128585,0.004355847409592606,0.03006917143297172,0.04576673415892074,4.954414070853659,6.600693095264993
2024-09-10,540.5402221679688,540.8948561111164,535.2115751398666,540.1166934123364,36394600,17.394488894149774,0.004355847409592606,-0.005959387404516958,-0.021398443114725274,0.02910331516525866,4.957242047585165,0.010258901916406549,0.026021060247999994,0.04421055460399481,5.683280971249815,6.759695663823306
2024-09-11,546.0855712890625,547.0114429857031,531.8429821458573,540.4515870073689,75248600,28.441254195051553,0.010258901916406549,0.006298004627114606,-0.012714558098952722,0.022839551760192478,11.046765300901779,0.008423320002333812,0.012589825536103216,0.03132725297879779,15.168460839845807,7.323938370822767
2024-09-12,550.6854248046875,550.9907622799467,544.430846031605,546.6667411644733,51819600,49.77328917935092,0.008423320002333812,0.017248657300277248,0.0014150334512399443,0.028211563535306627,21.332034984299366,0.00522276149551737,0.021266554575652075,0.02676740080000628,6.559916248341665,7.215593499977607
2024-09-13,553.5615234375,554.5662093965458,551.0400093649616,551.2961105010037,39310500,67.79026547676953,0.00522276149551737,0.040065962016795575,0.006555251292771569,0.01616430900046728,18.016976297418616,0.0014768094388786235,0.01420422971277957,0.019951261098673845,3.5262000315841533,7.059403648496267
2024-09-16,554.3790283203125,554.6449286145531,551.4832220184187,553.2955282065665,36656100,78.55792425702674,0.0014768094388786235,0.03006917143297172,-0.0014902431725953846,0.015388657047451737,10.767658780257207,0.00040878807382549454,0.015239328737614466,0.022528373503486687,3.1617065961344224,6.943316456770154
2024-09-17,554.6056518554688,558.0628973644851,552.3598971216088,556.6051045991632,49321000,85.96187513010453,0.00040878807382549454,0.026021060247999994,0.01990660326478899,0.006183048030738325,7.40395087307779,-0.0029659966330859433,0.017728188105221143,0.012953936094663554,5.703000242876328,7.08754732983244
2024-09-18,552.960693359375,560.1410836858305,552.3992547567514,555.2654832884236,59044900,91.217973648252,-0.0029659966330859433,0.012589825536103216,0.0189671209426987,0.0048326688949678065,5.256098518147468,0.01706434688623526,0.01850445952562718,0.01639622380765471,7.741828929079134,7.175486524353256
2024-09-19,562.3966064453125,564.2680683514808,559.5402373625056,562.4261843206043,75315500,96.40337630421811,0.01706434688623526,0.021266554575652075,0.03888203138776225,0.018479584495351586,5.185402655966115,-0.0017286163494028006,0.005386298219312469,-0.0024839635236771906,4.727830988975143,7.055882530512812
2024-09-20,561.4244384765625,562.4717038247719,558.3814171564327,561.0193897436827,77503100,95.42895684743743,-0.0017286163494028006,0.01420422971277957,0.05483929785772523,0.024761717598506428,-0.9744194567806801,0.002498918831124408,0.005666542514343398,0.008323750122032347,4.090286668339218,6.851341043222557
2024-09-23,562.827392578125,563.4794987580368,561.2762433950409,562.5013997902016,44116900,93.85672165111787,0.002498918831124408,0.015239328737614466,0.04576673415892074,0.016521767599953607,-1.5722351963195678,0.002861290368756819,0.007179631993704971,-0.003282594635674263,2.2032553629959466,6.213707878236789
2024-09-24,564.4378051757812,564.4970820723543,560.7822357483631,563.6276473879294,46805700,92.86305596088857,0.002861290368756819,0.017728188105221143,0.04421055460399481,0.02186607445150557,-0.9936656902292924,-0.002205509686735607,-0.004691087528435278,0.0032733371115500898,3.714846323991196,6.129392649013702
2024-09-25,563.1929321289062,565.0207470003917,562.0765003209592,564.2797556394728,38428600,92.39143393023959,-0.002205509686735607,0.01850445952562718,0.03132725297879779,0.018214382701765564,-0.47162203064898733,0.00396473398167374,-0.002069932731521118,0.012455251251360933,2.9442466794324673,5.868317884303353
2024-09-26,565.4258422851562,567.8069284900345,563.0547059162656,567.4808753798238,48336000,93.03906771667974,0.00396473398167374,0.005386298219312469,0.02676740080000628,0.028220311018780864,0.6476337864401529,-0.0014503552863107672,-0.007828097276568302,0.006692295079295141,4.752222573768904,5.35224975196199
2024-09-27,564.6057739257812,567.3227423718845,563.5683980340395,566.5027553128888,42100900,92.51015993530018,-0.0014503552863107672,0.005666542514343398,0.019951261098673845,0.026637297921555003,-0.5289077813795586,0.0040072424185457756,0.0026422352692032636,0.014191447576731298,3.754344337844941,5.26653048531851
2024-09-30,566.8682861328125,567.4808341729492,561.2565187412819,563.5683780406285,63557400,91.7342890227077,0.0040072424185457756,0.007179631993704971,0.022528373503486687,0.02100455757608799,-0.775870912592481,-0.008958532748609138,-0.010387647145593482,0.01840492184715692,6.224315431667378,5.305175803919765
2024-10-01,561.7899780273438,567.1646375157011,559.2014531566817,566.5125916827218,72668800,72.2334874938181,-0.008958532748609138,-0.004691087528435278,0.012953936094663554,0.03311840822600631,-19.500801528889596,0.00042219090134065773,0.008001962546691166,0.019626553352338094,7.963184359019351,4.790513198146447
2024-10-02,562.0271606445312,563.0547073454915,558.4803154651253,560.8910099759402,38097800,47.48091400259469,0.00042219090134065773,-0.002069932731521118,0.01639622380765471,0.03567433391031671,-24.752573491223416,-0.0018282512437484133,0.01455531250064479,0.023626197064741783,4.574391880366193,4.6486900290053415
2024-10-03,560.9996337890625,562.9558317101478,558.6976037139259,560.5451373731803,40846500,30.132218105491138,-0.0018282512437484133,-0.007828097276568302,-0.0024839635236771906,0.03630148631639152,-17.34869589710355,0.00908728120078961,0.01463495621676647,0.025588978762580483,4.258227996221876,4.700977740765178
2024-10-04,566.0975952148438,566.473035644986,561.27620681915,565.4751576755043,42939100,39.725897456581926,0.00908728120078961,0.0026422352692032636,0.008323750122032347,0.06361951659199305,9.593679351090788,-0.009040379008259158,0.0115187769887104,0.020262658217953478,5.196828825835951,4.846343614315288
2024-10-07,560.9798583984375,565.0899243287395,559.8239287376792,564.4378181494166,49964700,41.53747757667309,-0.009040379008259158,-0.010387647145593482,-0.003282594635674263,0.04233390588720409,1.8115801200911648,0.009457633661455356,0.02909479546178062,0.027879488557075005,5.265995591060232,4.815128996328424
2024-10-08,566.285400390625,566.888119257035,562.6891677707054,563.5684317818234,37398700,50.28656733280208,0.009457633661455356,0.008001962546691166,0.0032733371115500898,0.047628607764652386,8.749089756128988,0.006926262284409734,0.011532309695387655,0.017708519705712966,4.1989514863296336,4.562066321846316
2024-10-09,570.2076416015625,570.7708022277346,565.672748297138,566.2754067507159,37912200,62.02077679042806,0.006926262284409734,0.01455531250064479,0.012455251251360933,0.04417269303702476,11.73420945762598,-0.0017498936555330191,0.008940749165996076,0.0014728735441726926,5.09805393059662,4.588510817676422
2024-10-10,569.2098388671875,570.6424343017676,567.5895231990827,568.8541774674673,44138100,69.45329676596302,-0.0017498936555330191,0.01463495621676647,0.006692295079295141,0.03363883122396083,7.432519975534959,0.00598814016912419,0.010796023218693218,0.005398065223279458,3.0529111026849023,4.514412562986828
2024-10-11,572.6183471679688,573.3593384853236,568.9923862375855,569.1307190893117,42268000,76.62423144964953,0.00598814016912419,0.0115187769887104,0.014191447576731298,0.034425845951376655,7.170934683686511,0.008178406248964043,0.008644309357532354,-0.0009316996275440248,4.366952247738141,4.668962340468413
2024-10-14,577.3014526367188,578.2400537803853,573.7545473576104,574.2386520785454,36217200,84.68407668643013,0.008178406248964043,0.02909479546178062,0.01840492184715692,0.04134792830431899,8.059845236780603,-0.0077697251796715605,-0.001180947479343164,-0.00597271852735326,4.485506422774961,4.7240094903815395
2024-10-15,572.8159790039062,577.8744751013033,571.5908226582608,577.5682010903995,54203600,82.90025715305882,-0.0077697251796715605,0.011532309695387655,0.019626553352338094,0.032834730564886394,-1.7838195333713145,0.004346502515658823,0.00610579607900541,0.0034322793448322564,6.28365244304257,4.962538473496546
2024-10-16,575.3057250976562,575.829387978223,572.0058770840247,572.8160349375962,30725400,80.08009292418086,0.004346502515658823,0.008940749165996076,0.023626197064741783,0.04040980128719385,-2.8201642288779567,8.57220849690421e-05,-0.007401698888657715,-0.003932606739644351,3.823510894198307,4.89620192495579
2024-10-17,575.3550415039062,579.0797772037582,575.1673212890112,578.8722779234968,34393700,79.39237272997252,8.57220849690421e-05,0.010796023218693218,0.025588978762580483,0.02304145314904882,-0.6877201942083389,0.0038466610025633674,-0.005340303949974867,-0.02354248613261789,3.9124559147470563,4.907495609020226
2024-10-18,577.5682373046875,578.3586160628329,575.5823707247497,577.0544639759777,37416800,80.01472429779862,0.0038466610025633674,0.008644309357532354,0.020262658217953478,0.028755069643800146,0.6223515678261009,-0.001642312201425411,-0.009493940427003245,-0.023178677776465095,2.7762453380831857,4.6612048880499275
2024-10-21,576.6196899414062,577.8250068762592,573.6260560653888,576.837018450172,36439000,76.56605302163385,-0.001642312201425411,-0.001180947479343164,0.027879488557075005,0.02450537686181775,-3.4486712761647738,-0.0005310491199794765,-0.004797436568633073,-0.023679477084389,4.1989508108704285,4.392331063182147
2024-10-22,576.3134765625,577.4792957916693,573.408787872185,574.0707233027231,34183800,71.24720880799376,-0.0005310491199794765,0.00610579607900541,0.017708519705712966,0.021039822772006556,-5.318844213640091,-0.009137373018495487,-0.0026572918520024746,-0.011348799871218063,4.070507919484271,4.356339351690581
2024-10-23,571.0474853515625,574.7228340694738,567.5203590351447,574.2782271670283,49314600,49.17418681580006,-0.009137373018495487,-0.007401698888657715,0.0014728735441726926,0.01394646980558778,-22.073021992193695,0.0021626666489953372,0.0034949607964565033,0.022578244090823985,7.202475034329154,4.566642711555387
2024-10-24,572.282470703125,573.0926285399634,569.644558193077,573.0135725724089,34979900,35.3453775669411,0.0021626666489953372,-0.005340303949974867,0.005398065223279458,0.012126485747906202,-13.82880924885896,-0.0003453396636361461,-0.0182999092603503,0.028261113474048694,3.448070346886311,4.441731391630412
2024-10-25,572.0848388671875,577.4397799503068,571.1364085012576,574.5252018172647,47268200,34.5667974769867,-0.0003453396636361461,-0.009493940427003245,-0.0009316996275440248,0.013246525782765639,-0.7785800899544029,0.003091420305775028,-0.01381590472587435,0.03307198797230959,6.303371449049223,4.5158296672010545
2024-10-28,573.8533935546875,575.7108168113346,573.5471195231146,575.5823734785425,30174700,39.52477190127639,0.003091420305775028,-0.004797436568633073,-0.00597271852735326,0.012322275902092894,4.957974424289688,0.0016182702982574515,-0.018973062579996203,0.030869556246140517,2.1636972882199643,4.3704543673360785
2024-10-29,574.7820434570312,575.9083044283614,571.4821355952707,572.885062269683,42899700,43.61524948509277,0.0016182702982574515,-0.0026572918520024746,0.0034322793448322564,0.023126196510851793,4.09047758381638,-0.0030250936873256196,-0.008714665428652069,0.02600690712735143,4.426168833090628,4.322462574657079
2024-10-30,573.0432739257812,576.3135137591064,572.3318907812009,574.3078679687578,41435800,46.10483637895707,-0.0030250936873256196,0.0034949607964565033,-0.003932606739644351,0.019600677783288445,2.489586893864299,-0.01960326736034146,0.01901682025310958,0.02962005235845777,3.9816229779055448,4.388799137172839
2024-10-31,561.8097534179688,568.7157828721149,561.6121436722278,568.6466164460041,60182500,24.58144791294204,-0.01960326736034146,-0.0182999092603503,-0.02354248613261789,0.0014440644522966117,-21.523388466015028,0.004220674001984337,0.047428968555272455,0.04345458201693031,7.103639199887084,4.584276776612049
2024-11-01,564.1809692382812,568.6368073209918,563.7660309249709,564.4576349818459,45667500,19.59994243083391,0.004220674001984337,-0.01381590472587435,-0.023178677776465095,-0.003385681184240208,-4.98150548210813,-0.002154152829527134,0.04754476666463647,0.02575993334156257,4.870776396020915,4.611796060415331
2024-11-04,562.9656372070312,565.6233282707249,561.0687164666549,564.3191764173339,38217000,16.972291477561015,-0.002154152829527134,-0.018973062579996203,-0.023679477084389,0.0035398397622741218,-2.6276509532728944,0.012091986787412967,0.050806575156047584,0.032186246866607426,4.554611804069964,4.488293157631574
2024-11-05,569.7730102539062,569.8125080872711,563.6672482360568,563.884576772617,39478300,26.96970818977247,0.012091986787412967,-0.008714665428652069,-0.011348799871218063,0.0061587493883392685,9.997416712211454,0.02486555936207213,0.0350268195695822,0.023582346356961548,6.145259851214291,4.6541323688470015
2024-11-06,583.9407348632812,584.8200591512631,578.3586356989562,582.122869688031,68182000,55.08486289297439,0.02486555936207213,0.01901682025310958,0.022578244090823985,0.024084372533391685,28.115154703201924,0.007732078640910078,0.010405355333305222,-0.0009137388506770261,6.461423452306917,4.836201478672706
2024-11-07,588.455810546875,589.4833571706318,585.8771750583134,585.9562310221482,47233200,71.68174996737145,0.007732078640910078,0.047428968555272455,0.028261113474048694,0.03381173403114368,16.596887074397053,0.004331695234855104,-0.0037944210611475793,-0.0032571468874400544,3.6061821123184927,4.895482676832371
2024-11-08,591.0048217773438,592.4374171107561,589.0090657831266,589.0090657831266,46444900,80.82533392054391,0.004331695234855104,0.04754476666463647,0.03307198797230959,0.03210947518588969,9.143583953172467,0.000952904893440909,-0.020796088163789306,-0.00448010915599395,3.428351327629457,4.840439856600873
2024-11-11,591.5679931640625,592.9610303908673,589.8291237873193,592.6053690098148,37586800,86.21423118986206,0.000952904893440909,0.050806575156047584,0.030869556246140517,0.024712462548264647,5.38889726931815,-0.0031063994428538466,-0.017720034047821742,-0.002054115401480594,3.131906603548032,4.77339690546257
2024-11-12,589.7303466796875,592.0915933127267,587.2307068852001,591.4889348135927,43006100,86.90263935287742,-0.0031063994428538466,0.0350268195695822,0.02600690712735143,0.029528449442339788,0.6884081630153531,0.000485813601166285,-0.011057175520707507,0.006282457864932978,4.860886427526566,4.6061405764052425
2024-11-13,590.016845703125,592.0323205035678,587.813650678472,590.1946763941613,47388600,86.23886919287366,0.000485813601166285,0.010405355333305222,0.02962005235845777,0.02557096160128003,-0.6637701600037502,-0.006430128741193086,-0.011202527900545767,0.002746089827116105,4.218669825095844,4.661183396277352
2024-11-14,586.2229614257812,590.6294119127012,585.5314177067058,590.1453071885351,38904100,79.42493655402416,-0.006430128741193086,-0.0037944210611475793,0.04345458201693031,0.0188890669897801,-6.813932638849508,-0.01280865561642519,0.0005393205830868109,0.015505154415916378,5.0979942059954055,4.575085021773508
2024-11-15,578.7142333984375,583.1107940523099,576.8469207592872,582.6365185919044,75988800,55.87778224134561,-0.01280865561642519,-0.020796088163789306,0.02575993334156257,0.001984174370630143,-23.54715431267855,0.0040972809174433245,0.01666249369572026,0.030525159428935078,6.263873293022698,4.867954736402274
2024-11-18,581.0853881835938,582.4092588399365,578.3091432556826,579.1785175497744,37001700,39.906587465425474,0.0040972809174433245,-0.017720034047821742,0.032186246866607426,0.007744616287108208,-15.971194775920132,0.003655584163988035,0.01594852708937755,0.026795958154731903,4.100115584253899,4.844665218628222
2024-11-19,583.2095947265625,583.9406965622665,577.0149478875358,577.6867728258052,49412000,31.856332042782054,0.003655584163988035,-0.011057175520707507,0.023582346356961548,0.011965915156444629,-8.05025542264342,0.00033876466122584326,0.01753350442152235,0.02940879130401486,6.925748674730698,5.054959911258591
2024-11-20,583.4071655273438,583.6936604621411,577.607678291141,583.2886117403912,50032600,27.792623600156794,0.00033876466122584326,-0.011202527900545767,-0.0009137388506770261,0.021643874621340986,-4.063708442625259,0.0053683913960527185,0.014106647843714182,0.027366723150170413,6.085982171000069,4.982270123480946
2024-11-21,586.5391235351562,587.9717189391857,580.3938639302464,586.2724076420711,46750300,35.29365394544383,0.0053683913960527185,0.0005393205830868109,-0.0032571468874400544,0.024911915988821143,7.501030345287035,0.0030994217707922544,0.014957766801316552,0.02381794026695716,7.577855008939309,5.175632881546546
2024-11-22,588.3570556640625,588.9893827920057,586.0254172195599,586.5292407131672,38226400,50.48318014544756,0.0030994217707922544,0.01666249369572026,-0.00448010915599395,0.028443712700193968,15.189526200003733,0.0033921384217381334,0.013635464885521698,0.01539849716410635,2.9639655724457725,5.062015293573389
2024-11-25,590.3528442382812,593.6428027871202,588.0508139658752,592.318931861111,42441400,66.70930556462274,0.0033921384217381334,0.01594852708937755,-0.002054115401480594,0.028752031213737927,16.226125419175176,0.0052213833238510254,0.010677146308220475,0.008819478138746284,5.591988821244968,5.022495934289866
2024-11-26,593.435302734375,594.107127662382,590.8862755795608,591.6074878710035,45621300,79.22104188582148,0.0052213833238510254,0.01753350442152235,0.006282457864932978,0.032452752290509146,12.51173632119874,-0.0030301833496454433,0.011670659325604626,0.011337732046302396,3.2208520828212386,4.791026550755175
2024-11-27,591.6370849609375,593.6327804375584,590.1057150673347,593.2475108077009,34000200,83.45486714975665,-0.0030301833496454433,0.014106647843714182,0.002746089827116105,0.03244748151003418,4.233825263935174,0.00621217651383188,0.013075622110012786,0.009184616886036334,3.5270653702236814,4.78537535489126
2024-11-29,595.3124389648438,596.1028176783489,592.1805324077891,592.4571378216023,30177400,86.515936097234,0.00621217651383188,0.014957766801316552,0.015505154415916378,0.059633506437098305,3.0610689474773523,0.0017925690814231121,0.008729598171915764,0.0027549830580486656,3.922285270559769,4.820656350814853
2024-12-02,596.3795776367188,597.061292199026,595.2334770642985,595.7274713760562,31746000,89.29364511801191,0.0017925690814231121,0.013635464885521698,0.030525159428935078,0.057071418842627564,2.7777090207779054,0.00046371522992894043,0.0017393158977361267,0.005234834255322562,1.827815134727416,4.72750696018481
2024-12-03,596.6561279296875,596.9031250627299,595.1050389999714,596.1424148983427,26906600,91.32872834176224,0.00046371522992894043,0.010677146308220475,0.026795958154731903,0.05984466634553498,2.035083223750334,0.006209533232388376,-0.0018380431142227538,0.0006291164933476256,1.798086062758557,4.508735505558524
2024-12-04,600.361083984375,600.6080811170303,597.6836736596936,598.3554986242718,42787600,94.10261871125188,0.006209533232388376,0.011670659325604626,0.02940879130401486,0.05368466596344712,2.773890369489635,-0.0016456364354296982,-0.00032908662145458845,-0.035184107545955245,2.9244074573367698,4.416288193575732
2024-12-05,599.3731079101562,601.1712543095007,599.0174465042294,600.3610964613101,28762200,96.28282627838209,-0.0016456364354296982,0.013075622110012786,0.027366723150170413,0.026427978261335472,2.1802075671302106,0.0018955962798452575,-0.003840784576251477,-0.033890593494240284,2.153807805271299,4.205989164952582
2024-12-06,600.50927734375,601.7541524804552,599.7287881510366,600.1437264292612,31241500,98.0462825006031,0.0018955962798452575,0.008729598171915764,0.02381794026695716,0.020483214849511322,1.7634562222210093,-0.005149641051743981,-0.005922910485322119,-0.02413641416018142,2.0253643294186077,3.903238524695147
2024-12-09,597.4168701171875,600.558666264525,596.8241011467584,600.3907251065754,34742700,85.22565707335383,-0.005149641051743981,0.0017393158977361267,0.01539849716410635,0.010849401059978891,-12.820625427249269,-0.0031090884236926186,0.003489449103286635,-0.013211071673110864,3.7345651177665786,3.8771277770889094
2024-12-10,595.5594482421875,598.5234137048745,594.8975128400896,598.0985858914665,37234500,64.74616953197841,-0.0031090884236926186,-0.0018380431142227538,0.008819478138746284,0.0067472465113880276,-20.47948754137542,0.007730655529007757,0.0024717027037053363,0.000868857099345588,3.625900864784967,3.6414243620927857
2024-12-11,600.1635131835938,601.1218330792508,598.2270340236872,598.5036997474019,28677700,58.851024550668654,0.007730655529007757,-0.00032908662145458845,0.011337732046302396,0.017691418735100273,-5.895144981309755,-0.005152709542962097,-0.03486649502154915,-0.006742852365978158,2.894799055563567,3.4134827109901784
2024-12-12,597.071044921875,599.8670086682928,597.071044921875,599.2940188154165,31543800,53.13767977442075,-0.005152709542962097,-0.003840784576251477,0.009184616886036334,0.011955928496149015,-5.713344776247908,-0.00019851954712191144,-0.03016566875326865,-0.012108159010272734,2.795963746417783,3.0719190493814983
2024-12-13,596.9525146484375,599.8374239971062,595.5693067171701,599.1162117354461,35904700,48.17417557816469,-0.00019851954712191144,-0.005922910485322119,0.0027549830580486656,0.018302853911693173,-4.9635041962560535,0.004270040192342561,-0.0183220233792446,-0.023187638221885076,4.268117279936064,3.165072742773662
2024-12-16,599.5015258789062,600.4796851568691,597.9405474515993,598.7210366652528,43695200,49.38072200584108,0.004270040192342561,0.003489449103286635,0.005234834255322562,0.03591978783448546,1.2065464276763862,-0.004120142537852645,-0.01664244780183899,-0.03087953625209261,2.539137705269809,2.9470119487754363
2024-12-17,597.031494140625,597.9009287649616,595.6483465488363,596.9327194205068,55773500,45.652014996420206,-0.004120142537852645,0.0024717027037053363,0.0006291164933476256,0.027441932427309856,-3.728707009420873,-0.029803417870232773,-0.0015988936146895671,-0.029261184383511996,2.2525822161252336,2.8778498154400074
2024-12-18,579.2379150390625,599.1260676649564,578.8525850593486,596.7252628946356,108248700,26.73504113721045,-0.029803417870232773,-0.03486649502154915,-0.035184107545955245,-0.00681003831797744,-18.916973859209754,-0.0003071578635468475,0.02913963976019973,0.013069330008090407,20.273482605607796,4.074022475110302
2024-12-19,579.0599975585938,585.8771418800329,578.8130004498754,584.2568263743534,85919500,15.830096655148761,-0.0003071578635468475,-0.03016566875326865,-0.033890593494240284,-0.007451344833621643,-10.90494448206169,0.012011085534280097,0.018619169440808214,0.01921828495489608,7.06414143015752,4.298440772224426
2024-12-20,586.01513671875,590.5751556827481,575.8640332815654,576.716609074651,125716700,16.341019521447848,0.012011085534280097,-0.0183220233792446,-0.02413641416018142,-0.000893353563950039,0.5109228662990866,0.005988269054350237,-0.004956426606807951,-0.004262976822237752,14.711122401182706,5.218677005542661
2024-12-23,589.5243530273438,590.1290398696646,582.5553885988357,585.7573730277389,57635800,23.785207997966168,0.005988269054350237,-0.01664244780183899,-0.013211071673110864,0.0019839948413022945,7.44418847651832,0.011114979789863533,-0.014478038449421082,-0.008744180287194037,7.573651270828805,5.631217377547679
2024-12-24,596.076904296875,596.1165955673065,590.2975285951272,590.8824302891231,33160100,39.53432367002968,0.011114979789863533,-0.0015988936146895671,0.000868857099345588,0.00969599810428523,15.74911567206351,6.676138865335801e-05,-0.02770659065971315,-0.03460830519866431,5.819066972179257,5.837978771464999
2024-12-26,596.11669921875,597.2467510278158,592.8850063759046,594.2926551063172,41219100,52.34107593211108,6.676138865335801e-05,0.02913963976019973,-0.006742852365978158,0.004518431026971026,12.806752262081403,-0.010526605708987335,-0.015615285944921897,-0.03317604499171478,4.361744651911181,5.995688546224991
2024-12-27,589.8416137695312,592.5875722637912,585.628530262738,592.349606135686,64969300,53.96617967456739,-0.010526605708987335,0.018619169440808214,-0.012108159010272734,-0.0030347509259409655,1.6251037424563108,-0.011411568647030523,0.0005881643818039795,-0.021545918264397668,6.9590420010532625,6.348094094198895
2024-12-30,583.110595703125,586.6000397682428,579.3336924072994,582.7835057007663,56578800,46.25089961891969,-0.011411568647030523,-0.004956426606807951,-0.023187638221885076,-0.020496536714293856,-7.715280055647703,-0.0036380730197900224,0.0006969039377897612,0.007752192766685706,7.266347360943428,6.600364254425813
2024-12-31,580.9891967773438,585.5095851912486,579.3435820207299,584.7858849888859,57052700,38.6520912760992,-0.0036380730197900224,-0.014478038449421082,-0.03087953625209261,-0.025806351250930892,-7.59880834282049,-0.002457104671566457,0.00581809273251066,0.009486678488026978,6.166003170518707,6.7818001334067946
2025-01-02,579.5616455078125,585.9952616225524,575.4575923435457,584.2703854968423,50204000,31.77807274062776,-0.002457104671566457,-0.02770659065971315,-0.029261184383511996,-0.028650476583874984,-6.874018535471439,0.012503451621171946,-0.007098386631700038,0.02213334305017778,10.537669279006764,7.327719435081308
2025-01-03,586.8081665039062,587.4524841165517,581.3360954279694,582.4265768189647,37888500,34.5639838800752,0.012503451621171946,-0.015615285944921897,0.013069330008090407,-0.022574610250423066,2.785911139447439,0.005760606765051746,-0.0178393252110276,0.018751511425990408,6.116388688582219,7.56489264523591
2025-01-06,590.1885375976562,594.4908658796807,588.4438157230102,591.0906669897693,47679400,47.16330695708342,0.005760606765051746,0.0005881643818039795,0.01921828495489608,-0.015323627622407021,12.599323077008222,-0.011304133169673491,-0.022121071819669935,0.01861060313564633,6.04705015667048,7.691959279288369
2025-01-07,583.5169677734375,592.5577435625502,581.6830616942256,592.2305931115341,60393100,51.12624999722794,-0.011304133169673491,0.0006969039377897612,-0.004262976822237752,-0.028296498008282378,3.9629430401445163,0.0014609310001671982,0.0070503753945203584,0.03588009717643992,10.874681868324615,8.28735529093514
2025-01-08,584.3694458007812,585.4500042495939,580.1167322282579,583.5863298366745,47304700,49.03546141976311,0.0014609310001671982,0.00581809273251066,-0.008744180287194037,-0.021839731967808196,-2.090788577464828,-0.015267315897157685,0.00364736504744112,0.03134931199734625,5.333272021336029,8.507404562735912
2025-01-10,575.4476928710938,580.8602875756501,573.5245418299866,580.7908883545033,73105000,40.007771246296564,-0.015267315897157685,-0.007098386631700038,-0.03460830519866431,-0.03376951777098702,-9.027690173466546,0.0015504657071625516,0.029440711232921357,0.032524353968202524,7.33574574566353,7.583280501311322
2025-01-13,576.3399047851562,576.6967632072416,570.352331124668,570.7687264554227,47910100,31.442719386808744,0.0015504657071625516,-0.0178393252110276,-0.03317604499171478,-0.03969519618422668,-8.56505185948782,0.0013759758409437328,0.03725544870230113,0.039784054501902144,6.344432082573576,7.531872690769611
2025-01-14,577.1329345703125,579.9185236912625,573.3262632797856,579.2840683920101,48420600,29.045701939370506,0.0013759758409437328,-0.022121071819669935,-0.021545918264397668,-0.03339319587030276,-2.3970174474382375,0.018189997912380518,0.04165308585911687,0.033700355318343034,6.5922604114769,6.951953977219197
2025-01-15,587.6309814453125,588.7808787490047,584.082061353333,585.2022507077428,56900200,42.977497148193564,0.018189997912380518,0.0070503753945203584,0.007752192766685706,-0.01561520049649967,13.931795208823058,-0.0019231915756813267,0.02862788444979758,0.020682203290365075,4.698817395671767,6.746608700422265
2025-01-16,586.5008544921875,589.1872759074608,585.7969999803885,589.0088467012978,43319700,54.51773948282821,-0.0019231915756813267,0.00364736504744112,0.009486678488026978,-0.021685801996348508,11.540242334634648,0.01003993035862405,0.027601275024117466,0.017206477522132335,3.3902759270723664,6.573123625771773
2025-01-17,592.3892822265625,594.1537892227647,590.4363626944013,591.7746725476055,58070600,66.53446988204432,0.01003993035862405,0.029440711232921357,0.02213334305017778,-0.00777548916534887,12.016730399216108,0.009153481467499613,0.002995454426499178,0.0003179572923390772,3.717426528363376,6.527100902661216
2025-01-21,597.8117065429688,597.8216293606315,593.4697477556989,595.4523751286994,42532900,77.09724192585506,0.009153481467499613,0.03725544870230113,0.018751511425990408,0.03206591112505763,10.562772043810739,0.005621495307541968,0.002437785024667294,-0.0021057635437351507,4.351881604932601,6.340875160081168
2025-01-22,601.1723022460938,602.5403200370894,600.1016664737954,600.656799743693,48196000,85.81675065477157,0.005621495307541968,0.04165308585911687,0.01861060313564633,0.03818655196478593,8.719508728916509,0.0054581873165091555,-0.007634720857390587,-0.0036607551956133744,2.4386535632939967,5.996039888820495
2025-01-23,604.45361328125,604.45361328125,600.2603751042184,600.5379115165184,41152100,91.75941799067743,0.0054581873165091555,0.02862788444979758,0.03588009717643992,0.03146416433155941,5.942667335905867,-0.0029193098751858493,-0.007724543811761797,-0.005625358968787131,4.193238177031617,5.855128103571417
2025-01-24,602.6890258789062,605.4746757598883,601.5292056667311,604.5130699050133,34604700,95.75620677049356,-0.0029193098751858493,0.027601275024117466,0.03134931199734625,0.022331007674167846,3.9967887798161286,-0.014145385412078881,-0.01011559420431929,-0.011842777785148084,3.945470093157269,5.384256733153596
2025-01-27,594.1637573242188,594.4809850060814,589.4748623340163,589.6433687414142,70361100,75.00742652065277,-0.014145385412078881,0.002995454426499178,0.032524353968202524,-0.003209563998982645,-20.74878024984079,0.00859238817850927,-0.0026695007662731474,0.009142888605894406,5.006122672065089,5.304952017688087
2025-01-28,599.26904296875,600.1116355041081,592.0621722182419,595.4028949130045,44433300,62.06780081476624,0.00859238817850927,0.002437785024667294,0.039784054501902144,0.005288131928079531,-12.939625705886534,-0.00448300053043138,-0.004532499309461424,0.0013068288759987556,8.049463285866182,5.447981526916351
2025-01-29,596.58251953125,598.882374668965,594.0149903221018,598.4759021527152,37177400,54.73454235951197,-0.00448300053043138,-0.007634720857390587,0.033700355318343034,0.01142833195277504,-7.333258455254267,0.005367179270601374,0.004004539200737289,0.002575603555734496,4.8673843468632185,5.018888846811966
2025-01-30,599.7844848632812,601.3309319842132,595.5020019503173,598.7139095137852,39281300,53.01663148014214,0.005367179270601374,-0.007724543811761797,0.020682203290365075,0.028594728483797516,-1.717910879369832,-0.005321939266718645,0.0021155263187084827,0.00775160430041355,5.828930033895858,5.054292990566239
2025-01-31,596.5924682617188,604.6617769781066,595.8291372870628,602.2231232896551,66566900,53.276164701894245,-0.005321939266718645,-0.01011559420431929,0.017206477522132335,0.026856388330323444,0.2595332217521076,-0.006729604808231482,-0.0017448336095773342,0.01309356697086761,8.83263969104371,5.161213986664824
2025-02-03,592.57763671875,595.0757062127931,585.3608436126516,587.5219003161839,65857200,42.50889583555813,-0.006729604808231482,-0.0026695007662731474,0.0003179572923390772,0.022458337800343786,-10.767268866336117,0.006708352594225975,0.011844006957817177,0.02295198001975951,9.714862600141487,5.401959023633959
2025-02-04,596.5528564453125,597.0682984855546,592.0919442792167,592.6371547762964,33457800,40.394734596044266,0.006708352594225975,-0.004532499309461424,-0.0021057635437351507,0.016606261633104635,-2.1141612395138623,0.00405446247678265,0.005865915443155734,0.018528283732978323,4.976354206337874,5.286537151838315
2025-02-05,598.9715576171875,599.1202788798545,593.3805941197304,595.4226979994195,30653100,43.56654695471005,0.00405446247678265,0.004004539200737289,-0.0036607551956133744,0.014881719077910693,3.1718123586657825,0.003475602610676143,-0.0014232362396889853,0.010194985504735854,5.739684760124078,5.360884820727766
2025-02-06,601.0533447265625,601.1822203511523,597.3953946627929,600.726194256066,35771500,50.56470667220771,0.003475602610676143,0.0021155263187084827,-0.005625358968787131,0.030052899781200404,6.998159717497664,-0.009153648512164048,0.005624179881145386,-0.010522501898420966,3.786825688359386,5.389209803676839
2025-02-07,595.551513671875,602.8475675264697,594.8377363899132,601.6183482961283,50788500,53.28271166081831,-0.009153648512164048,-0.0017448336095773342,-0.011842777785148084,0.01913527127649628,2.718004988610595,0.006791380101247135,0.014864336374134535,-0.00592558597905446,8.0098311365565,5.695810132833491
2025-02-10,599.5961303710938,600.2405085459313,597.5044727650717,598.7833062959043,26048700,56.088959932046436,0.006791380101247135,0.011844006957817177,0.009142888605894406,0.041964609119407026,2.806248271228128,0.0007606031199995922,0.01097795014405345,-0.017541613042551973,2.736035780859652,5.580392573971137
2025-02-11,600.0521850585938,600.5973955759445,597.197196325744,597.3161491475298,30056700,58.6179779644757,0.0007606031199995922,0.005865915443155734,0.0013068288759987556,0.04114287432912844,2.5290180324292635,-0.003221562252225141,0.012588525066230094,-0.01779264193635499,3.400199250200444,5.6490744087501685
2025-02-12,598.1190795898438,599.2987454315366,593.3112318639063,593.9952408058122,45076100,54.866880144602725,-0.003221562252225141,-0.0014232362396889853,0.002575603555734496,0.036362757629064824,-3.7510978198729745,0.010557592093459522,0.011634780786080379,-0.030346903536609626,5.987513567630344,5.777236936650078
2025-02-13,604.4337768554688,604.6419745466134,597.9605288512577,599.2293791218168,40921300,60.5416482233038,0.010557592093459522,0.005624179881145386,0.00775160430041355,0.02859412784674631,5.674768078701078,-4.9277782596668374e-05,-0.01605637782245317,-0.025503171095995425,6.6814456953557055,5.972663765378537
2025-02-14,604.4039916992188,605.6827646257742,603.7794592105552,604.6418973129976,26910400,68.74365121373395,-4.9277782596668374e-05,0.014864336374134535,0.01309356697086761,0.03052533865876872,8.202002990430152,0.0029359089649085846,-0.020485420176913904,-0.04252912505913875,1.9033054152190516,5.7510339613181065
2025-02-18,606.178466796875,606.178466796875,603.0954953954162,605.5737798991598,26749000,74.99318348362416,0.0029359089649085846,0.01097795014405345,0.02295198001975951,0.023277235061519574,6.24953226989021,0.002354900928629222,-0.02820987656807117,-0.05663220571692773,3.082971401458849,5.396284541003297
2025-02-19,607.60595703125,607.9033390687135,604.2652343829255,604.7807369178573,31011100,80.62893291944734,0.002354900928629222,0.012588525066230094,0.018528283732978323,0.01638350400483035,5.635749435823172,-0.004160415211788671,-0.030003467598645694,-0.04873312107182948,3.6381046857879937,5.3084788509264955
2025-02-20,605.0780639648438,606.3667596800622,601.7472644379752,606.2279612401959,36554000,76.96723058448008,-0.004160415211788671,0.011634780786080379,0.010194985504735854,0.00649690896296673,-3.6617023349672593,-0.017104080969988833,-0.04149885425061073,-0.0617156292079194,4.619495242086941,5.222090651511572
2025-02-21,594.728759765625,604.9987554556133,594.2628108513653,604.8599570126433,76519800,54.795420821315645,-0.017104080969988833,-0.01605637782245317,-0.010522501898420966,-0.016088668016779772,-22.171809763164433,-0.004550373171856137,-0.009600949750185661,-0.040037413654875675,10.735944604247948,5.3580410024547325
2025-02-24,592.0225219726562,597.7919754098276,591.3087445913096,596.7907388152252,50737200,34.75671041767685,-0.004550373171856137,-0.020485420176913904,-0.00592558597905446,-0.017698188366205847,-20.038710403638795,-0.004973248133421038,-0.02250472360115996,-0.061335214904135626,6.483230818517995,5.127210160910197
2025-02-25,589.0782470703125,592.6965662998072,584.4389061860617,591.9630038380435,58266500,20.663438782811212,-0.004973248133421038,-0.02820987656807117,-0.017541613042551973,-0.008559105450673288,-14.093271634865637,0.0005048978092221379,-0.02924739453873182,-0.06448569739411392,8.257660113745487,5.361589154296455
2025-02-26,589.3756713867188,594.3719315476118,586.718957724097,590.7536120583931,43321600,16.32224731956055,0.0005048978092221379,-0.030003467598645694,-0.01779264193635499,-0.016509064998618928,-4.341191463250663,-0.015962066751854298,-0.019308990133001913,-0.05999597569718773,7.652973823514799,5.498252658824364
2025-02-27,579.968017578125,592.8253866100482,579.5715284356448,591.6655061184648,74196700,12.769496161986687,-0.015962066751854298,-0.04149885425061073,-0.030346903536609626,-0.02784946157352952,-3.552751157573862,0.015605655787356953,-0.02109207176951522,-0.057482080984227246,13.253858174403376,6.174469264970363
2025-02-28,589.018798828125,589.5540864732496,577.3807850421597,580.4736791128596,88744100,13.131511191419682,0.015605655787356953,-0.009600949750185661,-0.025503171095995425,-0.017949257286323905,0.36201502943299424,-0.017519950294720976,-0.03073151564211707,-0.05279548673413681,12.173301431089953,6.471860000294181
2025-03-03,578.69921875,592.1513529367862,574.8628395664972,591.0013951605243,74249200,12.985636868106726,-0.017519950294720976,-0.02250472360115996,-0.04252912505913875,-0.029992416035445446,-0.14587432331295602,-0.01183684954808395,-0.03972447973971793,-0.02847013861232428,17.288513370289024,7.511322685253423
2025-03-04,571.8492431640625,580.3051786101872,567.2793012349447,574.6745236933907,109648200,10.225887371754554,-0.01183684954808395,-0.02924739453873182,-0.05663220571692773,-0.034980046951258226,-2.759749496352171,0.010747901256652481,-0.03629998277330204,-0.02745897238797257,13.025877375242544,8.19887112275643
2025-03-05,577.9954223632812,579.7996207416143,568.102129991371,571.6807582916119,71230500,12.31081372787809,0.010747901256652481,-0.019308990133001913,-0.04873312107182948,-0.03110777843326351,2.0849263561235354,-0.01775123372774534,-0.04148807846184277,-0.027321474185989958,11.697490750243219,8.606726635800205
2025-03-06,567.7352905273438,575.1304520011837,565.1677614238747,570.481188331108,80094900,12.889879024380823,-0.01775123372774534,-0.02109207176951522,-0.0617156292079194,-0.05214983364837389,0.5790652965027334,0.005604844236718254,-0.03717408774131814,-0.012606733661048586,9.96269057730899,8.84110127022544
2025-03-07,570.9173583984375,572.374620972555,560.7167623995564,565.9410048616534,81158800,12.580442084257177,0.005604844236718254,-0.03073151564211707,-0.040037413654875675,-0.050138621792105265,-0.3094369401236463,-0.026635492537345318,-0.022763528834465974,-0.01778614504522713,11.657858572998634,9.537855067209696
2025-03-10,555.710693359375,564.5928260670291,550.7640472991095,562.6598126082816,99326600,9.65124215296177,-0.026635492537345318,-0.03972447973971793,-0.061335214904135626,-0.06689735379373196,-2.9291999312954076,-0.008312900806654588,0.011719908390816158,0.02716281278680044,13.82877876791963,10.30541273624261
2025-03-11,551.0911254882812,559.1208032031337,547.2250381485285,554.5409384975098,88102100,6.905271920875084,-0.008312900806654588,-0.03629998277330204,-0.06448569739411392,-0.08089612728619922,-2.7459702320866857,0.005306522471787645,0.009174027422736541,0.03826293651056467,11.89576505460525,10.895245619729556
2025-03-12,554.0155029296875,558.2186634905289,548.8805050365849,557.2868261582678,69588200,7.182956282114445,0.005306522471787645,-0.04148807846184277,-0.05999597569718773,-0.07672113072034037,0.2776843612393609,-0.013330410191043529,0.014779789335451543,0.02045281530551435,9.338158453944061,11.232292992005066
2025-03-13,546.6302490234375,554.2534547102391,544.9053726595178,553.6388449829802,74079400,7.300163967037626,-0.013330410191043529,-0.03717408774131814,-0.057482080984227246,-0.086084581354125,0.11720768492318179,0.02065567290718273,0.025515883782809112,0.0314930007737837,9.34808205072136,11.133159952467452
2025-03-14,557.9212646484375,558.9324239905063,546.6995862320014,551.2794507149214,62660300,17.274752393397403,0.02065567290718273,-0.022763528834465974,-0.05279548673413681,-0.07695220549885529,9.974588426359777,0.007711315917698913,0.005093325859300446,-0.009734074522846692,12.232837758504957,11.54384616246652
2025-03-17,562.2235717773438,564.7613323506962,557.4652177604464,557.9013981951625,49008700,35.21461533208821,0.007711315917698913,0.011719908390816158,-0.02847013861232428,-0.06978845358596852,17.939862938690805,-0.010808371431663799,0.015264011578606684,-0.010715335259699588,7.296114590249772,11.475164339359683
2025-03-18,556.1468505859375,560.1121055231899,554.203853884888,559.8939850390469,66041400,44.51591507287676,-0.010808371431663799,0.009174027422736541,-0.02745897238797257,-0.08253611593184929,9.30129974078855,0.010890801160239771,0.02882447258587928,0.0029187074938186175,5.9082516383019765,11.350541326130196
2025-03-19,562.2037353515625,565.9905608911315,556.7515100807932,557.9410986045036,66556000,53.21956071650242,0.010890801160239771,0.014779789335451543,-0.027321474185989958,-0.07472313454845281,8.703645643625663,-0.0028917140169094635,0.005590401020676428,-0.0016077261179010538,9.239050810338313,11.06376937155412
2025-03-20,560.5780029296875,565.6138937221895,557.7130916703615,558.4367918514132,62958200,58.87265078770265,-0.0028917140169094635,0.025515883782809112,-0.012606733661048586,-0.07354433036881969,5.653090071200232,0.0003299032828099069,0.005828400208612194,-0.0480564559241593,7.900802051828009,10.758590844463981
2025-03-21,560.762939453125,561.6677826377718,554.8469278493619,556.0897976294804,83763000,59.97125752144321,0.0003299032828099069,0.005093325859300446,-0.01778614504522713,-0.057111447453601416,1.09860673374056,0.01790849345962031,-0.014752262303075692,-0.10408166930429685,6.820854788409861,10.010900945758326
2025-03-24,570.8053588867188,571.86926269199,566.9474862667257,567.5440394813636,58766800,68.28858730984113,0.01790849345962031,0.015264011578606684,0.02716281278680044,-0.03583843907701445,8.31732978839792,0.002403851551660896,-0.025588759713753406,-0.12141166532560954,4.921776425264284,9.432036592188451
2025-03-25,572.177490234375,573.1220227068575,570.4175672260229,572.0183689196199,38355700,75.81808863094533,0.002403851551660896,0.02882447258587928,0.03826293651056467,-0.028690173028779742,7.529501321104192,-0.011938272063231614,-0.025179965856516273,-0.13724671333767702,2.704455480834554,8.789676930087833
2025-03-26,565.3466796875,573.0425195248911,563.9546412826954,571.9090077398645,51848300,73.93861925387448,-0.011938272063231614,0.005590401020676428,0.02045281530551435,-0.04077024700168208,-1.8794693770708477,-0.0026557223426582066,-0.007158110430719566,-0.03512195227278614,9.087878242195643,8.727190334722593
2025-03-27,563.8452758789062,567.6434930945948,561.717468314772,563.944681183511,42164200,66.2927445706912,-0.0026557223426582066,0.005828400208612194,0.0314930007737837,-0.02779936343135836,-7.64587468318328,-0.020138252254996436,-0.0535726135010659,-0.07494521836393664,5.9260247798227965,8.317773635210033
2025-03-28,552.4904174804688,563.0399428035041,551.903816900767,562.304173568215,71662700,49.66015244575882,-0.020138252254996436,-0.014752262303075692,-0.009734074522846692,-0.06201564605464349,-16.63259212493238,0.006712768433682514,-0.09066694962429867,-0.03908858624991618,11.136125902737149,8.125441287696999
2025-03-31,556.1991577148438,557.5116354900671,543.750554530121,546.6936920279248,95328200,35.45797206768848,0.006712768433682514,-0.025588759713753406,-0.010715335259699588,-0.03888040679190263,-14.202180378070338,0.002824389123523119,-0.09833928597098995,-0.03623597530804856,13.76108095994607,8.258678138078485
2025-04-01,557.7700805664062,559.7288748312798,550.5216860996894,554.270200650382,54609600,31.035267754075946,0.002824389123523119,-0.025179965856516273,0.0029187074938186175,-0.02462040960263534,-4.422704313612535,0.006328387411288716,-0.11496147345763885,-0.04164215043926767,9.20718873159035,8.249323157910364
2025-04-02,561.2998657226562,564.1832870343261,551.6452319792124,551.8838532533371,76014500,34.144101598852494,0.006328387411288716,-0.007158110430719566,-0.0016077261179010538,-0.028885274856262688,3.108833844776548,-0.04928070817761465,-0.028165453266882245,-0.06883719028565394,12.53805505511366,8.477178372509814
2025-04-03,533.6386108398438,544.8442841383162,533.6386108398438,542.0006124868958,125986000,25.74068291524213,-0.04928070817761465,-0.0535726135010659,-0.0480564559241593,-0.060057354644677985,-8.403418683610365,-0.05854301689268204,-0.02258240322264271,-0.019172871058264596,11.205673298472448,8.403809482507492
2025-04-04,502.3977966308594,522.8703441644736,502.17905033414394,520.6828811973194,217965100,14.769180834300478,-0.05854301689268204,-0.09066694962429867,-0.10408166930429685,-0.1200166026827284,-10.97150208094165,-0.0017811920142971616,0.05672109174198847,0.017020245501143227,20.6912938303297,9.360607999656057
2025-04-07,501.5029296875,520.1857262659767,479.0517131179981,486.3995737800916,256611400,9.411234163922982,-0.0017811920142971616,-0.09833928597098995,-0.12141166532560954,-0.0975467348741823,-5.357946670377496,-0.015662758816759825,0.06887658483581571,0.0453428318005058,41.13401314797858,11.876733821775815
2025-04-08,493.64801025390625,521.9854113898446,486.36975741253633,518.8832132196871,165816600,7.058793587598588,-0.015662758816759825,-0.11496147345763885,-0.13724671333767702,-0.10423523910583554,-2.352440576324394,0.10501934425982218,0.08284308628327475,0.07843206833294403,35.61565397730823,13.76077690513081
2025-04-09,545.4906005859375,545.4906005859375,490.23757127668296,490.62536123459006,241867300,22.779517729858682,0.10501934425982218,-0.028165453266882245,-0.03512195227278614,-0.015387479770276324,15.720724142260094,-0.04381896224348292,-0.04185047460546887,-0.0035179457640424072,55.25302930925454,17.143078852089847
2025-04-10,521.5877685546875,530.4568711321452,506.4148031681469,529.1344405716377,162331200,33.682311460624334,-0.04381896224348292,-0.02258240322264271,-0.07494521836393664,-0.045812467410079716,10.902793730765652,0.017842787256365567,0.0034883065085176135,0.04967765052200557,24.042067963998363,18.373165507489027
2025-04-11,530.8943481445312,533.3701351923651,517.1034690516782,520.0267013859047,97866300,43.42775069125195,0.017842787256365567,0.05672109174198847,-0.03908858624991618,-0.0484421695612135,9.745439230627618,0.009701347627829371,-0.037569843690163474,0.03167009899665141,16.26666614068688,19.183514772876354
2025-04-14,536.0447387695312,541.1753390049968,530.8147332303623,540.9466097072813,68034000,53.63690472518351,0.009701347627829371,0.06887658483581571,-0.03623597530804856,-0.04656302994386019,10.209154033931561,-0.0028008927240665837,-0.022017278111602367,0.028194066944285057,10.36060577463445,19.73038265100492
2025-04-15,534.5433349609375,540.1312723398183,533.7479104814203,536.5915818220184,56892900,61.54979952820744,-0.0028008927240665837,0.08284308628327475,-0.04164215043926767,-0.038844984201995,7.912894803023924,-0.022227898329724827,-0.0040735523052291,0.03149135905881262,6.383361858398075,19.53720290930509
2025-04-16,522.6615600585938,534.8218402750512,517.3221958900297,528.6472408418655,83484800,60.791780866849635,-0.022227898329724827,-0.04185047460546887,-0.06883719028565394,-0.07033424505484986,-0.7580186613578022,0.0014266717908673066,0.04000683382444148,0.062416686489662254,17.499644385021497,20.363890023962142
2025-04-17,523.4072265625,528.1400842911512,520.9214870568637,524.6302516664327,79868100,57.165959048612535,0.0014266717908673066,0.0034883065085176135,-0.019172871058264596,-0.06630794674947271,-3.6258218182370996,-0.023802682617838022,0.04602878151534884,0.07665135483582075,7.218597234287472,20.08406654764431
2025-04-21,510.94873046875,518.7241309058172,505.55963388256157,518.1871723342323,69368100,45.60413317326679,-0.023802682617838022,-0.037569843690163474,0.017020245501143227,-0.08883291936688165,-11.561825875345747,0.026017800640849797,0.07194282331332547,0.09657901250259227,13.164497023255649,20.041453409309277
2025-04-22,524.2424926757812,526.2807870532888,516.2284704641588,517.1730636694438,75948100,43.286197385098525,0.026017800640849797,-0.022017278111602367,0.0453428318005058,-0.08157398224458212,-2.3179357881682634,0.015495409403611937,0.05134175065888069,0.05983871119846129,10.052316589129987,20.101819684847822
2025-04-23,532.3658447265625,542.3187554782935,530.8346510289886,537.3472764364299,90590700,51.65807153550346,0.015495409403611937,-0.0040735523052291,0.07843206833294403,-0.0695791886037056,8.371874150404935,0.021048964021112893,0.035710379462622344,0.048055772560437804,11.484104449304937,20.02653749871863
2025-04-24,543.5715942382812,544.3073634486632,532.3957187263146,533.6584331737259,64150400,60.88191264461534,0.021048964021112893,0.04000683382444148,-0.0035179457640424072,-0.03851634091360567,9.22384110911188,0.00722522891344668,0.021547793664790094,0.0336021932483459,11.91164472234857,20.076964028995494
2025-04-25,547.4990234375,547.9066579905569,540.5886558742968,543.5317931259866,61119600,69.38802700514158,0.00722522891344668,0.04602878151534884,0.04967765052200557,-0.028990670208110192,8.50611436052624,0.00038137286203787646,0.02927507718870781,0.02488031514040223,7.318002116260118,19.121728906561952
2025-04-28,547.7078247070312,550.3924355414467,541.9111238077456,548.2447832861145,47613800,76.03556309626856,0.00038137286203787646,0.07194282331332547,0.03167009899665141,-0.008656426649438775,6.64753609112698,0.006299335442844001,0.02298274558443092,0.058346301865072725,8.48131173370109,16.789393091256418
2025-04-29,551.1580200195312,552.2815790568998,545.4209141992505,545.7788460995639,47775100,81.9599643960031,0.006299335442844001,0.05134175065888069,0.028194066944285057,-0.009063547877390055,5.924401299734541,0.00039700236086281926,0.008082015704460987,0.05866653938966615,6.860664857649226,14.735465296995061
2025-04-30,551.3768310546875,553.3455782199762,538.4311395978207,544.4466177046888,93101500,84.13304646365252,0.00039700236086281926,0.035710379462622344,0.03149135905881262,-0.011462159291919183,2.1730820676494176,0.007086862410970118,0.011919734843461649,0.059598895609114244,14.914438622155558,11.854137390773705
2025-05-01,555.2843627929688,560.8524558505887,554.6778569018302,557.1735491438936,63186100,87.348674521928,0.007086862410970118,0.021547793664790094,0.062416686489662254,-0.01071709312088065,3.2156280582754846,0.014844172407353584,0.01180013275767644,0.05728156289573527,6.1745989487585575,10.577889603970862
2025-05-02,563.527099609375,565.1378539569648,559.1720791327064,561.5086499974077,60717300,90.96655511952446,0.014844172407353584,0.02927507718870781,0.07665135483582075,0.05600885723484761,3.6178805975964536,-0.005734321055260616,-0.0042697643668874186,0.04841561003844119,5.96577482425846,9.842111652797403
2025-05-05,560.295654296875,563.4177577758883,558.4959812674823,559.3610137868201,38659200,90.25457706522508,-0.005734321055260616,0.02298274558443092,0.09657901250259227,0.11524305650678746,-0.7119780542993794,-0.008358384485032677,0.034569064271400274,0.05561562651554208,4.921776508405969,9.453623848066798
2025-05-06,555.6124877929688,560.1365216016732,553.7830174830004,554.747455291201,48264700,81.34708951033164,-0.008358384485032677,0.008082015704460987,0.05983871119846129,0.10789479961599802,-8.907487554893436,0.0042054650283336326,0.05017897640982705,0.06093414865505431,6.353504118672731,9.45149115237213
2025-05-07,557.9490966796875,560.6038493983164,552.8681991631311,556.9548009077818,55588000,73.21450773543464,0.0042054650283336326,0.011919734843461649,0.048055772560437804,0.13025695453063446,-8.132581774897005,0.006967831538101654,0.0471175322744628,0.0386884426717109,7.73565023518529,8.754062998812401
2025-05-08,561.8367919921875,567.0568450320475,558.4959726115572,562.0157579568283,65130800,70.89878712821564,0.006967831538101654,0.01180013275767644,0.0336021932483459,0.02996603679090315,-2.315720607218992,-0.0012740716213365255,0.04495100234282301,0.031908172113518374,8.560872420490227,8.849939797826883
2025-05-09,561.1209716796875,564.2629200033267,559.5499671743652,563.2487187713206,37603400,69.3616393541698,-0.0012740716213365255,-0.0042697643668874186,0.02488031514040223,0.07579396126283022,-1.5371477740458488,0.03304738200401469,0.05291129315946663,0.026172019379977263,4.712952828961534,8.246258069663018
2025-05-12,579.66455078125,579.6745034500635,573.7484781026347,578.1532016097033,78993600,78.95267708302065,0.03304738200401469,0.034569064271400274,0.058346301865072725,0.09186423401787946,9.59103772885085,0.006603824443858652,0.020343312951237147,0.013996826862249456,5.9260253474287765,7.951522980970075
2025-05-13,583.4925537109375,585.7197665156716,579.5153706490559,580.0820658308163,67947200,86.22568362537079,0.006603824443858652,0.05017897640982705,0.05866653938966615,0.08851465467289299,7.273006542350146,0.001278041226610016,0.010241275522382853,0.0015165363973965729,6.204395866615755,7.5744009393494185
2025-05-14,584.23828125,585.6203062554047,582.1999263612488,584.4569971907843,66283500,90.32611529795516,0.001278041226610016,0.0471175322744628,0.059598895609114244,0.09296710488906212,4.100431672584364,0.004884373015077159,-0.008049802761341263,0.004186620365727256,3.4203798941558716,6.96788202304994
2025-05-15,587.0919189453125,587.5989588253952,581.7624473439984,582.2198452585625,71268100,93.01218792031098,0.004884373015077159,0.04495100234282301,0.05728156289573527,0.12327357473829847,2.686072622355823,0.006334083036816818,-0.012481762494185977,-0.0018121588362262075,5.836511481396883,6.8620612634168525
2025-05-16,590.8106079101562,591.1088845286154,585.9186893064182,587.8774230068021,76052100,95.27974726851347,0.006334083036816818,0.05291129315946663,0.04841561003844119,0.12877808697891102,2.2675593482024965,0.0010938196195577898,-0.025395561765942265,-0.0025075825109110994,5.19019522219719,6.626981512595145
2025-05-19,591.4568481445312,592.1429146923263,584.7453513153635,584.7453513153635,68168500,96.9906409842067,0.0010938196195577898,0.020343312951237147,0.05561562651554208,0.1575659413067183,1.7108937156932313,-0.0033621834492569835,-0.006219951665710544,0.0020846342303317833,7.3975633769628075,6.66533140683183
2025-05-20,589.46826171875,590.661428858583,586.2368002538279,589.7069436963179,60614500,96.53805882502549,-0.0033621834492569835,0.010241275522382853,0.06093414865505431,0.12441908077700936,-0.4525821591812189,-0.016850751844510237,-0.00863629247426545,0.0051952567487083545,4.424628604755071,5.916059262731794
2025-05-21,579.5352783203125,589.1998657689248,578.5012324590923,585.0834662873492,95197700,76.84968080524678,-0.016850751844510237,-0.008049802761341263,0.0386884426717109,0.08860341823389795,-19.68837801977871,0.00039462434647918876,0.01233572326628063,0.017482690556587688,10.69863330983253,6.239204574237078
2025-05-22,579.7639770507812,583.2738097421649,578.0935066667054,579.3363764431303,70860400,54.895633091758086,0.00039462434647918876,-0.012481762494185977,0.031908172113518374,0.0665825499274244,-21.95404771348869,-0.006825771490515775,0.010804462391406533,0.02752574442408995,5.180303075459506,6.183099449322867
2025-05-23,575.806640625,578.4912514897796,572.3166525694867,572.6944898379297,76029000,33.309977863757005,-0.006825771490515775,-0.025395561765942265,0.026172019379977263,0.05170350261041423,-21.58565522800108,0.020790615576653737,0.023484378232981662,0.03552007967762605,6.174598920292965,6.272586764457652
2025-05-27,587.7780151367188,587.9370757702034,575.1305403861026,582.7269752337963,72588500,36.10783170129148,0.020790615576653737,-0.006219951665710544,0.013996826862249456,0.07315979181258014,2.7978538375344755,-0.005785472819492488,0.00835656331595902,0.02018098358749154,12.806535384100812,6.733517569131087
2025-05-28,584.37744140625,589.3887309946801,583.6416722363929,588.1856112493471,68445500,44.16296404310417,-0.005785472819492488,-0.00863629247426545,0.0015165363973965729,0.060272045729356405,8.055132341812687,0.003947489357079892,0.01395204314821541,0.023191016915871776,5.747058758287267,6.591475320781228
2025-05-29,586.6842651367188,589.8163213976459,582.7269869994868,589.6771054111595,69973300,50.969556550156895,0.003947489357079892,0.01233572326628063,0.004186620365727256,0.06403503392497334,6.806592507052727,-0.0011185744002305542,0.005084249396732465,0.023218325394666284,7.089334398159053,6.486365462043287
2025-05-30,586.0280151367188,587.7580801158757,579.9130717022508,585.5706172221718,90601200,53.32163793495036,-0.0011185744002305542,0.010804462391406533,-0.0018121588362262075,0.055365600769154755,2.3520813847934647,0.005632983987994278,0.0165425486875308,0.012911651252207612,7.845008413624896,6.7100837180906705
2025-06-02,589.3291015625,589.4086015340318,581.7227142099362,584.4073250806647,61630500,56.92298123367212,0.005632983987994278,0.023484378232981662,-0.0025075825109110994,0.04578662139054246,3.6013432987217584,0.005702616355661272,0.01175953605215141,0.01682096796376964,7.685887324095688,6.835788144995449
2025-06-03,592.6898193359375,593.6741624833163,588.4739541013344,588.961210027987,63606200,65.77613239322864,0.005702616355661272,0.00835656331595902,0.0020846342303317833,0.057816198984649514,8.853151159556518,-0.00026846867813934416,0.011726427636517878,0.002415703203602737,5.200208381981952,6.764060467521607
2025-06-04,592.5307006835938,594.5391976596761,592.0932080953481,593.5548545078736,57314200,74.11946847139303,-0.00026846867813934416,0.01395204314821541,0.0051952567487083545,0.06644597395078966,8.343336078164398,-0.004832806844400794,0.009111844914252876,0.002533883572381379,2.445989564327988,6.6944611582481865
2025-06-05,589.6671142578125,595.5831864273371,587.6785226503756,594.2210060312028,92278700,74.71527270913884,-0.004832806844400794,0.005084249396732465,0.017482690556587688,0.05684751129964449,0.5958042377458099,0.010269010608102258,0.018042344220216666,0.0050364834005547365,7.904663776961456,6.842186322217084
2025-06-06,595.722412109375,597.4027744725131,593.455388510206,595.2451088486548,66588700,77.12089033930991,0.010269010608102258,0.0165425486875308,0.02752574442408995,0.06031221272824494,2.405617630171065,0.0009013027856885625,-0.0035718105848212556,0.004646980692018632,3.9473859623070666,6.753414232224933
2025-06-09,596.2593383789062,597.8203901729,595.0761238694207,596.2990883662742,53016400,79.7179994353765,0.0009013027856885625,0.01175953605215141,0.03552007967762605,0.06262173127130466,2.597109096066589,0.005669706144252773,0.005002603614064016,0.014830926820070589,2.7442663034793213,6.421035869833255
2025-06-10,599.6399536132812,600.0276828696868,595.672722912116,596.7962213819605,66247000,83.09880032315972,0.005669706144252773,0.011726427636517878,0.02018098358749154,0.03446028018292502,3.3808008877832236,-0.002852053249320252,-0.009202808366552184,0.009674995198229341,4.354959957570827,6.416059537891523
2025-06-11,597.9297485351562,601.608655383662,595.851704156038,600.7436228335788,73658200,85.90767158423563,-0.002852053249320252,0.009111844914252876,0.023191016915871776,0.024742723334513883,2.8088712610759075,0.003974284235328973,-0.006518565186825809,0.020485008851647946,5.756951227624086,6.063082246305206
2025-06-12,600.3060913085938,600.3060913085938,596.1002394800107,596.5874347137615,64129000,88.51246755876454,0.003974284235328973,0.018042344220216666,0.023218325394666284,0.02750215207434903,2.604795974528912,-0.011180107804297013,-0.012775363317155453,0.02149538174037402,4.205851828583036,5.99347858581403
2025-06-13,593.5946044921875,598.4169149439988,592.083255426069,595.0860482220673,89506000,71.68225873954799,-0.011180107804297013,-0.0035718105848212556,0.012911651252207612,0.011076094453074337,-16.83020881921655,0.009514208796833623,0.008248252472326634,0.03798413935226064,6.333659517929846,6.004840057073807
2025-06-16,599.2421875,601.0021104918266,596.7961979763596,596.9752246255282,79984100,64.5113316750095,0.009514208796833623,0.005002603614064016,0.01682096796376964,0.01427120548777605,-7.170927064538489,-0.008545135131611592,0.009779400740518529,0.027868857802171965,4.205912515466935,5.390509852171387
2025-06-17,594.12158203125,598.3174810611555,593.3559548666378,596.7862874189289,82209400,53.83718229805356,-0.008545135131611592,-0.009202808366552184,0.002415703203602737,0.004505373291523007,-10.674149376955938,-0.00015060476132944256,0.019053146016349887,0.04142760985929028,4.96152619451766,5.334400383330701
2025-06-18,594.0321044921875,597.7905111811382,593.0676059775907,595.0264003245132,76605000,46.74823545279922,-0.00015060476132944256,-0.006518565186825809,0.002533883572381379,0.007742304496819674,-7.088946845254341,-0.002348596298099359,0.027180753552331627,0.049793570530120235,4.722905203547498,5.165369726572733
2025-06-20,592.636962890625,597.8026339141032,591.2208450851572,596.7256028572928,94051400,40.36247726257371,-0.002348596298099359,-0.012775363317155453,0.0050364834005547365,0.022607225237927908,-6.385758190225509,0.009877480029380825,0.034714231983393296,0.04442353078818395,6.58178882894606,5.07513975623853
2025-06-23,598.49072265625,598.8795981212522,590.2535502615591,593.3948045851308,87426000,40.56936989956469,0.009877480029380825,0.008248252472326634,0.004646980692018632,0.032300636718980646,0.20689263699097893,0.011047279574515567,0.02949262426889243,0.03364165148497733,8.62604785969313,5.142294080209775
2025-06-24,605.1024169921875,606.1694051168853,601.7416782982235,602.65917852593,67735300,58.754694745193646,0.011047279574515567,0.009779400740518529,0.014830926820070589,0.05087780220003868,18.185324845628955,0.0005603188542100401,0.01791426627279935,0.02847811750617657,4.4277268186617675,5.0871168256869055
2025-06-25,605.4414672851562,606.9273380866383,603.8658185288903,606.2292612300843,62114800,71.23358105201984,0.0005603188542100401,0.019053146016349887,0.009674995198229341,0.030051229705025495,12.478886306826197,0.007823840449262098,0.021956130482895686,0.030801186303455408,3.0615195577480563,5.131083253788339
2025-06-26,610.1783447265625,610.617130683572,606.6880212532993,607.306302256393,78548400,80.84496940724397,0.007823840449262098,0.027180753552331627,0.020485008851647946,0.04415109395432015,9.611388355224122,0.004968310006379761,0.02201444770025729,0.019203349910704715,3.9291094302726606,4.847115086167711
2025-06-27,613.2098999023438,614.6858494593505,609.1412239120898,611.1855439983277,86258400,87.80841005127695,0.004968310006379761,0.034714231983393296,0.02149538174037402,0.04521279390277089,6.9634406440329855,0.004781209119572027,0.009383555869507454,0.016099902546385048,5.544625547260694,4.961203627950113
2025-06-30,616.1417846679688,617.5079921128906,613.3395560055452,615.6731133088892,92502500,92.75967029924317,0.004781209119572027,0.02949262426889243,0.03798413935226064,0.05138622856489983,4.951260247966218,-0.0003236298209773336,0.004030167014582808,0.006943429764849851,4.168436107345428,5.062930042511978
2025-07-01,615.9423828125,617.1191131155733,613.8182668389494,614.6559103723325,70030100,95.69728014605143,-0.0003236298209773336,0.01791426627279935,0.027868857802171965,0.045158606930219,2.9376098468082574,0.004533275199175568,0.010377938087122063,0.010636965396963793,3.300846276623929,4.987636208158627
2025-07-02,618.734619140625,618.7744866384667,614.9052090235124,615.53347209637,66510400,97.82051828602664,0.004533275199175568,0.021956130482895686,0.04142760985929028,0.04394338987274771,2.1232381399752143,0.007881351217300603,0.008655024963136304,0.012232982432880846,3.869277614954285,4.852802378682213
2025-07-03,623.611083984375,624.5484875028751,620.7090954800537,620.7290596612153,51065800,99.48947177632557,0.007881351217300603,0.02201444770025729,0.049793570530120235,0.052453625212878,1.6689534902989323,-0.007451911689688506,-0.0027505460376594515,0.00358208143017813,3.8393920228213574,4.826626678270665
2025-07-07,618.9639892578125,622.3047639816969,616.1617605422166,621.6365725170731,74814500,88.98668549443694,-0.007451911689688506,0.009383555869507454,0.04442353078818395,0.049683752564147365,-10.502786281888632,-0.0005477706277796646,0.006653909346771458,0.013034081292513822,6.143003439480253,4.813008386952837
2025-07-08,618.6249389648438,620.3900039601925,617.8071987595777,619.6320954349991,59024600,79.59475863873023,-0.0005477706277796646,0.004030167014582808,0.03364165148497733,0.038444964281894256,-9.391926855706714,0.005996615280215112,0.0029015689428231184,0.013734329786313504,2.582805200614871,4.697072150177689
2025-07-09,622.3345947265625,622.9927431754923,619.1932795088373,621.0481832340878,66113300,74.85809889399373,0.005996615280215112,0.010377938087122063,0.02847811750617657,0.0437314012029546,-4.7366597447364995,0.0028203284907413195,0.0002563667515664836,0.01626457754898092,3.7994636666549013,4.614067683901778
2025-07-10,624.0897827148438,625.1368675729468,621.2875540464601,622.4742664500196,57529000,74.41810882057386,0.0028203284907413195,0.008655024963136304,0.030801186303455408,0.040774182831270434,-0.43999007341986385,-0.003515471310904239,0.0035472558815392574,0.013741887966332245,3.8493135264867533,4.551668278397439
2025-07-11,621.8958129882812,623.1323749024951,619.8116254973129,621.0182411395347,63670200,69.91616538408132,-0.003515471310904239,-0.0027505460376594515,0.019203349910704715,0.040081739555254625,-4.501943436492539,0.0019082079637526839,0.006350093692883529,0.021615757402905666,3.320749405182255,4.318736890985739
2025-07-14,623.08251953125,623.4315275028133,620.0808318567448,621.437057113524,51898500,66.25630252533664,0.0019082079637526839,0.006653909346771458,0.016099902546385048,0.037941357837976364,-3.659862858744688,-0.004273266498076467,0.006337999471817124,0.01941395594139217,3.350695646068516,3.9419260185839806
2025-07-15,620.419921875,626.1240780025647,620.340126016414,625.7850521197855,74317300,63.60477064686149,-0.004273266498076467,0.0029015689428231184,0.006943429764849851,0.04519130932088111,-2.651531878475147,0.00334324975208955,0.010801419779320254,0.021088523712833096,5.783951986150669,4.0387992448331875
2025-07-16,622.494140625,623.0027403264891,616.3412163521633,622.0154871960257,88987500,55.364939215899035,0.00334324975208955,0.0002563667515664836,0.010636965396963793,0.03880226327523051,-8.239831430962454,0.006119653171936301,0.016004107876266493,0.01640454148978554,6.661523974325746,4.29594241744588
2025-07-17,626.3035888671875,626.6626398066976,622.4542755061946,622.6736989062512,68885700,59.870498461907,0.006119653171936301,0.0035472558815392574,0.012232982432880846,0.054167375515816074,4.505559246007962,-0.0007323592062571382,0.01015859694204213,0.006432774297514987,4.208364300503035,4.315889193890906
2025-07-18,625.8449096679688,627.7296380152247,624.7280110672211,627.5601250668279,65621600,66.65454066562245,-0.0007323592062571382,0.006350093692883529,0.00358208143017813,0.053554016584636654,6.784042203715451,0.0018961671248525214,0.015169336998820837,-0.009337572264369598,3.0016269480036044,4.1342464368011145
2025-07-21,627.0316162109375,629.7939164140192,626.6028123652087,627.0316162109375,63375000,73.95400648317589,0.0018961671248525214,0.006337999471817124,0.013034081292513822,0.058036631992291365,7.29946581755344,0.00014308956258002326,0.012993603020494016,0.003816889746863783,3.19110404881053,4.064437004048622
2025-07-22,627.121337890625,627.9889276793821,624.4587368446605,627.3606646093982,60046300,73.92398503672968,0.00014308956258002326,0.010801419779320254,0.013734329786313504,0.04783802680734173,-0.030021446446212963,0.008507549960310445,0.010177175983546505,-0.001415313414741881,3.530190834721566,4.080818758198453
2025-07-23,632.4566040039062,632.4566040039062,627.9889485945137,629.8039240942028,70511000,77.80613613032969,0.008507549960310445,0.016004107876266493,0.01626457754898092,0.045205879605785704,3.882151093600015,0.000331011779483692,0.0003941259788371454,-0.0022548368010597564,4.4676554093925915,4.12356002922976
2025-07-24,632.6659545898438,634.3912129187636,632.2371507469353,632.8454496264281,71307100,82.39543804893998,0.000331011779483692,0.01015859694204213,0.013741887966332245,0.04496634072119976,4.589301918610289,0.0042243578976959295,-0.0036883541414248766,-0.0034204487362476943,2.1540621718282864,4.003179325587398
2025-07-25,635.3385620117188,635.8172763273444,633.0848614440556,633.3341702599237,56865400,86.40028832813113,0.0042243578976959295,0.015169336998820837,0.021615757402905666,0.04123420226660324,4.004850279191146,-0.000251119494356411,-0.02414071068738244,0.00012555974717809448,2.7324148832888113,3.7595658572880097
2025-07-28,635.1790161132812,636.2759505305676,633.782862430909,635.7175012309004,54917100,89.27050440258483,-0.000251119494356411,0.012993603020494016,0.01941395594139217,0.0358264212864734,2.870216074453708,-0.002637609180098366,-0.0090590041696883,-0.0016014570510954895,2.493088099658621,3.7531574929339917
2025-07-29,633.503662109375,636.9042074633194,632.5862227401361,636.5850848856694,60556300,88.08368317871552,-0.002637609180098366,0.010177175983546505,0.021088523712833096,0.02817838016092744,-1.186821223869316,-0.0012593305691198653,-0.01147569918811664,0.011696041090922593,4.317984723183258,3.790194711257446
2025-07-30,632.7058715820312,635.9169397338984,629.7939009526881,634.1617960302962,80418900,78.80387819252594,-0.0012593305691198653,0.0003941259788371454,0.01640454148978554,0.02721600142692937,-9.279804986189575,-0.0037512107798256533,-0.0026479191661634705,0.016439209037248048,6.123038781210312,3.9526036580234143
2025-07-31,630.3324584960938,638.0809348105399,629.0260827850975,637.6920593309911,103385200,67.68787998709433,-0.0037512107798256533,-0.0036883541414248766,0.006432774297514987,0.018744448745372067,-11.115998205431609,-0.016390431365516545,0.0002688971932536255,0.020361337018428793,9.054852025442415,4.362182416613426
2025-08-01,620.0010375976562,624.6083202058907,617.5777633723885,624.5683918435021,140103600,29.867710847389063,-0.016390431365516545,-0.02414071068738244,-0.009337572264369598,-0.005788938778402475,-37.82016913970527,0.015199795788522152,0.02486656703514445,0.034935480533411,7.030556833502146,4.625029644287257
2025-08-04,629.4249267578125,629.4747763447384,623.8504160518278,623.9401331350132,73218000,31.001780127525553,0.015199795788522152,-0.0090590041696883,0.003816889746863783,0.016900720690622872,1.1340692801364902,-0.005069964619629497,0.00752572267165541,0.019218330999918765,5.624360292910637,4.613630237627254
2025-08-05,626.2337646484375,630.8609506236863,625.3063432085271,630.0432104487703,68051400,34.346311198563996,-0.005069964619629497,-0.01147569918811664,-0.001415313414741881,0.012299577990382504,3.3445310710384426,0.0076596842911853535,0.023440739150275114,0.0188544800332624,5.554607415159239,4.534564769115361
2025-08-06,631.030517578125,631.6886660273483,626.3933495625395,627.310788901774,64357500,40.150139416193895,0.0076596842911853535,-0.0026479191661634705,-0.0022548368010597564,0.01397306677991006,5.803828217629899,-0.0008376210633260772,0.01913780356025696,0.008423121281726509,5.2953164648088205,4.612204209422917
2025-08-07,630.501953125,635.2188561282265,627.3706199993678,634.4809118212801,74205800,46.745820109028756,-0.0008376210633260772,0.0002688971932536255,-0.0034204487362476943,0.010274435806756355,6.595680692834861,0.007797567971946862,0.02008703847690807,0.005219481935585746,7.84823612885873,4.958390579483997
2025-08-08,635.4183349609375,635.8870671683993,631.9878433436463,632.3069659204185,64051600,56.58259229261936,0.007797567971946862,0.02486656703514445,0.00012555974717809448,0.021744031219118387,9.836772183590604,-0.001977485842922677,0.009824609195121958,0.012759379922222314,3.899223824752994,5.008970563479887
2025-08-11,634.1618041992188,637.1834561323586,632.9052780831173,635.6975853928571,58742300,65.07370225064047,-0.001977485842922677,0.00752572267165541,-0.0016014570510954895,0.0177814082736647,8.491109958021106,0.010646088630271056,0.011605270282587066,0.010299990173344709,4.278178049241319,5.06239822165987
2025-08-12,640.9131469726562,641.0726778368414,635.0294344517399,636.5252873774225,64730800,75.7133809189493,0.010646088630271056,0.023440739150275114,0.011696041090922593,0.033031217043647976,10.639678668308832,0.0034230982805847354,-0.004481216099351704,0.003843164674121047,6.043243385101505,5.1749402199247925
2025-08-13,643.1070556640625,644.4034493171588,640.9031438473124,643.1269589799253,60092800,85.61972992440424,0.0034230982805847354,0.01913780356025696,0.016439209037248048,0.03311342821374441,9.906349005454942,9.300854748550691e-05,-0.010513477413064076,0.002698102037209882,3.500305469846353,5.271100455497511
2025-08-14,643.1668701171875,643.8350006749072,640.5641007895744,641.0128079474052,59327500,90.99418972549468,9.300854748550691e-05,0.02008703847690807,0.020361337018428793,0.02692509120137898,5.374459801090438,-0.0023412249756729064,-0.014574792130993997,0.006155454453489861,3.270899885332824,5.309563669929227
2025-08-15,641.6610717773438,644.3037696191185,640.7436323612244,644.2040095711507,68592500,93.17029977376103,-0.0023412249756729064,0.009824609195121958,0.034935480533411,0.02527169569497012,2.1761100482663522,-0.00021763582620526467,0.0029062182683778914,0.00250214615748634,3.560137257894098,5.385781466946047
2025-08-18,641.5214233398438,642.2195001872421,640.40452473057,641.0826373957427,43804900,90.50125537742954,-0.00021763582620526467,0.011605270282587066,0.019218330999918765,0.023108574997328102,-2.6690443963314863,-0.005425144902516887,-0.001290305762125743,-0.004710063195678793,1.8149754566721867,5.206995090766684
2025-08-19,638.0410766601562,642.3291760201543,636.714736747966,641.341922870885,69750700,75.94792101674996,-0.005425144902516887,-0.004481216099351704,0.0188544800332624,0.01741248162000142,-14.553334360679585,-0.0026570585531485724,0.008361852039452167,0.006142439039322545,5.614439272188292,5.170666554407968
2025-08-20,636.3457641601562,637.89146660832,631.2000571048222,637.6322365737963,88890300,49.84108709427128,-0.0026570585531485724,-0.010513477413064076,0.008423121281726509,0.006149291716821104,-26.10683392247868,-0.004011840141401879,0.013351954926817289,0.017254068214231033,6.691409503497766,5.0018492314119225
2025-08-21,633.7928466796875,636.2061389257788,632.057667095043,634.5208697964243,54805800,30.822947572962782,-0.004011840141401879,-0.014574792130993997,0.005219481935585746,0.0017811802289477985,-19.0181395213085,0.015356803532182273,0.021036854363928104,0.01839347646421996,4.14847183073573,4.795986016928607
2025-08-22,643.52587890625,644.7125912923959,635.4881651988852,635.9967649167205,84083200,41.08965701619384,0.015356803532182273,0.0029062182683778914,0.012759379922222314,0.012886541733917678,10.266709443231058,-0.004401088516101992,-0.00040290119208674646,0.005454720658967238,9.224426093510715,5.053133574114327
2025-08-25,640.6936645507812,643.505875096025,640.5740011970607,642.2593311060981,51274300,50.57976692758076,-0.004401088516101992,-0.001290305762125743,0.010299990173344709,0.008682038130359837,9.490109911386924,0.004187051216404392,-0.0034241756671469226,0.012234111721066476,2.931873898964227,4.865795465814683
2025-08-26,643.3762817382812,643.7253506035642,639.7962411945653,640.4245042856638,51581600,57.996266400895315,0.004187051216404392,0.008361852039452167,0.003843164674121047,0.015584155576991332,7.416499473314552,0.002278514804511911,-0.0022010084927754914,0.010927536152140815,3.9291094089988974,4.768209247542545
2025-08-27,644.8422241210938,645.580168455503,642.6383123424215,642.7879219740594,48341100,66.16301836062392,0.002278514804511911,0.013351954926817289,0.002698102037209882,0.019181665737851405,8.166751959728607,0.0035413784731703757,0.00385069892887846,0.017011299945717484,2.941856113081485,4.417753532129885
2025-08-28,647.1258544921875,647.6843037743214,643.5557962693775,645.4505066457858,61519500,74.48759843439883,0.0035413784731703757,0.021036854363928104,0.006155454453489861,0.026642124754547858,8.32458007377491,-0.005963682184690233,-0.002588915266290681,0.013083317063600886,4.128507504943855,4.4341309378578035
2025-08-29,643.2666015625,646.04892693251,641.361908969664,645.6798938838932,74522200,72.24363472711934,-0.005963682184690233,-0.00040290119208674646,0.00250214615748634,0.037525040369273954,-2.243963707279491,-0.00741027850099818,0.005859982845128009,0.02458716344949563,4.687017962845971,4.463333788829565
2025-09-02,638.4998168945312,638.7191794281234,633.1645719217177,635.7374558444352,81983500,51.943186498317196,-0.00741027850099818,-0.0034241756671469226,-0.004710063195678793,0.014417748250714846,-20.300448228802146,0.0054195601815894,0.015712088338783126,0.03081506762955355,5.554607506405773,4.428431226065584
2025-09-03,641.960205078125,642.4289372924937,638.6893051342267,640.8931560649971,70820900,46.300013774944446,0.0054195601815894,-0.0022010084927754914,0.006142439039322545,0.025112731566807378,-5.64317272337275,0.008357390788786612,0.01315750442389696,0.02398488059756554,3.739632158267,4.445525989524201
2025-09-04,647.3253173828125,647.3552636551144,641.7308424389964,642.6382997027142,65219200,51.383204941654526,0.008357390788786612,0.00385069892887846,0.017254068214231033,0.025822522605129183,5.08319116671008,-0.0028962514584031096,0.013110117899884477,0.020242833670476523,5.62442121611798,4.6136346560088555
2025-09-05,645.4505004882812,650.4067910780432,641.551337641252,649.6787679935875,85178900,56.43184068075201,-0.0028962514584031096,-0.002588915266290681,0.01839347646421996,0.023708962817943213,5.0486357390974845,0.002456628855379561,0.01571291172693945,0.028274068584568823,8.855453436791208,4.991871525930078
2025-09-08,647.0361328125,648.0433501046099,645.4405199703039,646.826691508285,63133100,61.42100342727302,0.002456628855379561,0.005859982845128009,0.005454720658967238,0.018283699434446854,4.989162746521011,0.002311848648811843,0.018618078980930264,0.030607091379713625,2.602830134306032,5.0481468600467805
2025-09-09,648.531982421875,649.0604854255209,645.4305347021028,647.1756962960839,66133900,66.45611690937191,0.002311848648811843,0.015712088338783126,0.012234111721066476,0.02266011312491778,5.035113482098893,0.00289086266421279,0.014869350738427878,0.022632715037379736,3.629950723418119,4.906397677991769
2025-09-10,650.4067993164062,652.7402956265305,648.8311506393708,651.8128741836446,78034500,74.00930573661519,0.00289086266421279,0.01315750442389696,0.010927536152140815,0.014812697147176923,7.553188827243275,0.00831022877152554,0.01068676501569743,0.016440751051142177,3.9091449871597206,4.707664498253337
2025-09-11,655.8118286132812,656.5099054682547,651.7830200765693,652.3713547945198,69934400,83.32605067749263,0.00831022877152554,0.013110117899884477,0.017011299945717484,0.019755300205966497,9.316744940877442,-0.0003345797943027362,0.007040415098585662,0.0034128069699812524,4.726885391685414,4.7489797526068855
2025-09-12,655.5924072265625,657.2877193463212,655.0838683704039,655.7818843611192,72780100,90.15540888442786,-0.0003345797943027362,0.01571291172693945,0.013083317063600886,0.01931930527937653,6.829358206935225,0.005323880160421179,0.012366837826520038,0.009499194970853386,2.2038509759172484,4.247510101350209
2025-09-15,659.0827026367188,659.2123480846643,657.5170969033588,657.8162552961535,63772400,95.10484721907737,0.005323880160421179,0.018618078980930264,0.02458716344949563,0.027150830283530603,4.949438334649514,-0.0013768692449287467,0.011769879846210696,0.006975285530435915,1.6952511813054798,4.159179907231727
2025-09-16,658.1752319335938,659.9503398052897,657.3874380375795,659.6411384615709,61169000,97.79998667742682,-0.0013768692449287467,0.014869350738427878,0.03081506762955355,0.025959863517960313,2.695139458349445,-0.0012423560605266948,0.00764961942471043,0.012162051006798125,2.562901767710173,4.061593647139675
2025-09-17,657.3575439453125,659.8904996422112,652.4910309141978,658.1852662695255,101952200,90.95605013476002,-0.0012423560605266948,0.01068676501569743,0.02398488059756554,0.030274645303824066,-6.843936542666796,0.004672452908252023,0.005693144735456679,0.016874330208708432,7.399468728013403,4.379994548206241
2025-09-18,660.4290161132812,663.0517496492283,658.4445277353276,660.0600439458431,90459200,86.08176715152398,0.004672452908252023,0.007040415098585662,0.020242833670476523,0.03784617311770733,-4.874282983236043,0.004952835223685836,-0.003602246815734178,0.013310975707245154,4.60722191390073,4.4141884345603035
2025-09-19,663.7000122070312,664.5499877929688,660.3699951171875,662.3300170898438,97945600,85.1848167935819,0.004952835223685836,0.012366837826520038,0.028274068584568823,0.04718760346384676,-0.8969503579420746,0.004731075170536503,-0.0028326123975210837,0.008301958210460647,4.17999267578125,4.3779723426271095
2025-09-22,666.8400268554688,667.2899780273438,662.1699829101562,662.2000122070312,69452200,86.87995864261947,0.004731075170536503,0.011769879846210696,0.030607091379713625,0.03622876517234075,1.6951418490375687,-0.005443591771073009,-0.004738818985700166,0.00715307765580131,5.1199951171875,4.34692860054009
2025-09-23,663.2100219726562,667.3400268554688,661.97998046875,666.719970703125,81708900,84.15173257473533,-0.005443591771073009,0.00764961942471043,0.022632715037379736,0.035143717922764495,-2.728226067884137,-0.0031815658943793457,0.004478175245740568,0.008911163807435507,5.36004638671875,4.46267247400093
2025-09-24,661.0999755859375,664.6099853515625,659.6699829101562,664.510009765625,68082200,73.52143597791459,-0.0031815658943793457,0.005693144735456679,0.016440751051142177,0.0275479441047628,-10.630296596820742,-0.004613504621998388,0.011117889717934704,0.018166707319842823,4.94000244140625,4.413785418664377
2025-09-25,658.0499877929688,659.4099731445312,654.4099731445312,657.9400024414062,89622100,53.640899545365095,-0.004613504621998388,-0.003602246815734178,0.0034128069699812524,0.02048216319872176,-19.880536432549498,0.0057290777314567,0.016974368387452143,0.019922476399599987,5.0,4.138395887465005
2025-09-26,661.8200073242188,662.3699951171875,657.8800048828125,659.510009765625,69179200,46.797815931091165,0.0057290777314567,-0.0028326123975210837,0.009499194970853386,0.02270679301410694,-6.8430836142739295,0.0028104096748033935,0.01116620012488867,-0.013296648175608494,4.489990234375,4.273193037469931
2025-09-29,663.6799926757812,665.280029296875,661.8599853515625,664.3599853515625,73499000,49.79480331288884,0.0028104096748033935,-0.004738818985700166,0.006975285530435915,0.031733951465375165,2.9969873817976733,0.003766875644270362,0.011948518507857386,-0.0009643422364702392,3.4200439453125,4.258199696176673
2025-09-30,666.1799926757812,666.6500244140625,661.6099853515625,662.9299926757812,86288000,55.22779552115359,0.003766875644270362,0.004478175245740568,0.012162051006798125,0.04335189306064002,5.43299220826475,0.0034075168215907947,0.004413225365111018,-0.00592934679885182,5.0400390625,4.338977844415264
2025-10-01,668.4500122070312,669.3699951171875,663.0599975585938,663.1699829101562,72545400,62.57675251464404,0.0034075168215907947,0.011117889717934704,0.016874330208708432,0.04126393960149377,7.348956993490454,0.0011518565068935338,0.006971311331336993,-0.004906917850214798,6.30999755859375,4.452057284908717
2025-10-02,669.219970703125,670.5700073242188,666.780029296875,670.4500122070312,56896000,70.57322380706309,0.0011518565068935338,0.016974368387452143,0.013310975707245154,0.03382326124495538,7.996471292419045,-1.4866158967619114e-05,0.0028989009986775116,-0.012820830863240484,3.78997802734375,4.565352074296324
2025-10-03,669.2100219726562,672.6799926757812,668.1599731445312,669.989990234375,70494400,77.77360575996454,-1.4866158967619114e-05,0.01116620012488867,0.008301958210460647,0.036810756930858446,7.200381952901452,0.003586263355458641,-0.02419270768492432,-0.007202533085219787,4.52001953125,4.767121242149504
2025-10-06,671.6099853515625,672.510009765625,669.4600219726562,671.6199951171875,54623300,84.11183741527921,0.003586263355458641,0.011948518507857386,0.00715307765580131,0.037979103936972125,6.338231655314672,-0.003707494362329311,-0.012760392952961608,-0.00046157377846534065,3.04998779296875,4.801913101096545
2025-10-07,669.1199951171875,672.989990234375,667.6699829101562,672.5399780273438,72020100,83.49288001970186,-0.003707494362329311,0.004413225365111018,0.008911163807435507,0.031745562675920436,-0.618957395577354,0.005963041402874625,-0.010297128614772277,0.0032430400017806615,5.32000732421875,4.653380143682641
2025-10-08,673.1099853515625,673.2100219726562,669.4199829101562,670.25,60702200,82.9064142213065,0.005963041402874625,0.006971311331336993,0.018166707319842823,0.034906132683449664,-0.5864657983953521,-0.0028970186885769467,-0.011795995623596678,-0.007888751725797616,3.7900390625,4.595009940011161
2025-10-09,671.1599731445312,673.9400024414062,669.2100219726562,673.530029296875,66501900,80.2931058304007,-0.0028970186885769467,0.0028989009986775116,0.019922476399599987,0.023403274935897,-2.6133083909058,-0.027027764376787222,-0.015674293636441794,0.0008940292107744163,4.72998046875,4.634294782366071
2025-10-10,653.02001953125,673.9500122070312,652.8400268554688,672.1300048828125,159422600,43.04854927764793,-0.027027764376787222,-0.02419270768492432,-0.013296648175608494,-0.003923760658233966,-37.244556552752776,0.015344029580113494,0.017411403597318742,0.03710449870456145,21.1099853515625,5.776436941964286
2025-10-13,663.0399780273438,665.1300048828125,659.77001953125,660.6500244140625,79560500,32.57602756971478,0.015344029580113494,-0.012760392952961608,-0.0009643422364702392,0.006004216731517298,-10.472521707933147,-0.0012216421112398734,0.012457785411672972,0.03348216237741819,5.3599853515625,5.776432582310268
2025-10-14,662.22998046875,665.8300170898438,653.1699829101562,657.1699829101562,88779600,27.632647625298013,-0.0012216421112398734,-0.010297128614772277,-0.00592934679885182,0.006160591189741549,-4.943379944416769,0.00443954899070742,0.013681044087102023,0.03749455298334303,12.6600341796875,6.327863420758929
2025-10-15,665.1699829101562,670.22998046875,658.9299926757812,666.8200073242188,81702600,32.99961645206491,0.00443954899070742,-0.011795995623596678,-0.004906917850214798,0.011884611406381973,5.3669688267669,-0.006810241559458086,0.003953883894919796,0.03340504278480427,11.29998779296875,6.777862548828125
2025-10-16,660.6400146484375,668.7100219726562,657.1099853515625,666.8200073242188,110563300,35.89926456058343,-0.006810241559458086,-0.015674293636441794,-0.012820830863240484,0.0003194870758373991,2.8996481085185195,0.0056763137515907225,0.016832154987016734,0.029047593266990246,11.60003662109375,7.285723005022321
2025-10-17,664.3900146484375,665.760009765625,658.1400146484375,659.5,96500900,38.38409096765349,0.0056763137515907225,0.017411403597318742,-0.007202533085219787,0.0010396299965578226,2.4848264070700594,0.010400477117627371,0.019356078610494043,0.026595798432500928,7.6199951171875,7.585719517299107
2025-10-20,671.2999877929688,672.2100219726562,667.27001953125,667.3200073242188,60493400,51.43385187345022,0.010400477117627371,0.012457785411672972,-0.00046157377846534065,0.006688202204254701,13.049760905796731,-1.4911017141350236e-05,0.020765682548627318,0.017935407837685213,4.94000244140625,7.578574044363839
2025-10-21,671.2899780273438,672.989990234375,669.97998046875,671.4400024414062,56249000,62.75112618279572,-1.4911017141350236e-05,0.013681044087102023,0.0032430400017806615,0.012183103069905998,11.3172743093455,-0.005198930936866852,0.02349211227254111,0.005884211497747538,3.010009765625,7.342860630580357
2025-10-22,667.7999877929688,672.0,663.2999877929688,672.0,80564000,63.935804999859656,-0.005198930936866852,0.003953883894919796,-0.007888751725797616,0.010134642950323736,1.1846788170639329,0.005929952148911788,0.02933517102959593,0.014645147462786445,8.70001220703125,7.693577357700893
2025-10-23,671.760009765625,672.7100219726562,667.7999877929688,668.1199951171875,65604500,65.43915241102954,0.005929952148911788,0.016832154987016734,0.0008940292107744163,0.02083431688622661,1.5033474111698837,0.008172546972973871,0.012013229735176267,-0.0021585271316421073,4.9100341796875,7.721435546875
2025-10-24,677.25,678.469970703125,675.6500244140625,676.4600219726562,74356500,71.81524726296891,0.008172546972973871,0.019356078610494043,0.03710449870456145,0.023314485063946178,6.376094851939371,0.011797696913067535,0.007102248148532775,-0.009272837647655963,2.8199462890625,7.705004010881696
2025-10-27,685.239990234375,685.5399780273438,682.1199951171875,682.72998046875,63339800,80.27714876473306,0.011797696913067535,0.020765682548627318,0.03348216237741819,0.03248553187759895,8.461901501764146,0.002656014462314449,-0.0027726977496692617,-0.005545484570550263,3.41998291015625,7.569287981305804
2025-10-28,687.0599975585938,688.9099731445312,684.8300170898438,687.0499877929688,61738100,86.28042391359037,0.002656014462314449,0.02349211227254111,0.03749455298334303,0.03134288797678497,6.003275148857313,0.00048033227231458753,-0.017203748386196427,-0.005909232924374286,4.0799560546875,7.589996337890625
2025-10-29,687.3900146484375,689.7000122070312,682.8699951171875,688.719970703125,85657100,89.47548116512995,0.00048033227231458753,0.02933517102959593,0.03340504278480427,0.02833420913386142,3.1950572515395805,-0.010998119550020391,-0.014271370473152745,-0.005833674740934214,6.83001708984375,7.739998953683036
2025-10-30,679.8300170898438,685.9400024414062,679.8300170898438,683.9000244140625,76335800,81.68816592279536,-0.010998119550020391,0.012013229735176267,0.029047593266990246,0.015854348123489403,-7.787315242334586,0.0032802030105936186,-0.014003529252801239,-0.01145880421086276,6.1099853515625,6.668570382254464
2025-10-31,682.0599975585938,685.0800170898438,679.239990234375,685.0399780273438,87164100,73.46690285459457,0.0032802030105936186,0.007102248148532775,0.026595798432500928,0.019201708229143355,-8.221263068200798,0.0018767107020742912,-0.0162596060393001,-0.014852073012744382,5.84002685546875,6.702859061104911
2025-11-03,683.3400268554688,685.7999877929688,679.9400024414062,685.6699829101562,57315000,67.41285077257515,0.0018767107020742912,-0.0027726977496692617,0.017935407837685213,0.017465555545255862,-6.05405208201941,-0.011853596017736279,-0.0027804962967058477,-0.025858347602766507,5.8599853515625,6.217141287667411
2025-11-04,675.239990234375,679.9600219726562,674.5800170898438,676.1099853515625,78427000,50.510136728822495,-0.011853596017736279,-0.017203748386196427,0.005884211497747538,0.009146334232794429,-16.90271404375266,0.0034654743340312155,0.011492224805778273,-0.022451237136102198,5.3800048828125,5.794285365513393
2025-11-05,677.5800170898438,680.8599853515625,674.1699829101562,674.97998046875,74402400,39.148620307372305,0.0034654743340312155,-0.014271370473152745,0.014645147462786445,0.006640863804667108,-11.36151642145019,-0.010729388925125316,0.008559856617199602,-0.023347536556191484,6.69000244140625,5.443568638392857
2025-11-06,670.3099975585938,677.3800048828125,668.719970703125,676.469970703125,85035300,26.834104788339175,-0.010729388925125316,-0.014003529252801239,-0.0021585271316421073,-0.0012664277071756658,-12.31451551903313,0.0009845789961884233,0.002580866278365068,,8.6600341796875,5.517857142857143
2025-11-07,670.969970703125,671.0800170898438,661.2100219726562,667.9099731445312,100592400,16.71466227379959,0.0009845789961884233,-0.0162596060393001,-0.009272837647655963,0.027487597064420388,-10.119442514539585,0.01560432239211762,0.0014307972257687762,,9.8699951171875,5.869999476841518
2025-11-10,681.4400024414062,682.1799926757812,675.030029296875,677.239990234375,75842900,33.11565632125454,0.01560432239211762,-0.0027804962967058477,-0.005545484570550263,0.02775100299201516,16.40099404745495,0.0022892661907207845,-0.023142198102181433,,7.14996337890625,6.16571044921875
2025-11-11,683.0,683.5700073242188,678.72998046875,679.9500122070312,58953400,46.549330401467714,0.0022892661907207845,0.011492224805778273,-0.005909232924374286,0.031363756011994814,13.433674080213173,0.0005563761095350728,-0.03355780806757869,,4.84002685546875,5.889997209821429
2025-11-12,683.3800048828125,684.9600219726562,680.9500122070312,684.7899780273438,62312500,55.986330517496754,0.0005563761095350728,0.008559856617199602,-0.005833674740934214,0.02737649388955643,9.43700011602904,-0.016594027882646856,-0.03163658851187223,,4.010009765625,5.825709751674107
2025-11-13,672.0399780273438,680.8599853515625,670.52001953125,680.5,103457800,52.81431768134938,-0.016594027882646856,0.002580866278365068,-0.01145880421086276,0.01725593837208428,-3.172012836147374,-0.00016365894166792128,,,10.3399658203125,6.36285400390625
2025-11-14,671.9299926757812,675.6599731445312,663.27001953125,665.3800048828125,96846700,44.70240704813576,-0.00016365894166792128,0.0014307972257687762,-0.014852073012744382,0.011348722679604961,-8.111910633213618,-0.009316461288915168,,,12.38995361328125,7.003566196986607
2025-11-17,665.6699829101562,673.7100219726562,662.1699829101562,669.7000122070312,90456100,36.049292404494125,-0.009316461288915168,-0.023142198102181433,-0.025858347602766507,-0.008386719775345552,-8.653114643641636,-0.008397503213040225,,,11.5400390625,7.536429268973214
2025-11-18,660.0800170898438,665.1199951171875,655.8599853515625,662.0999755859375,114293600,26.00835065971001,-0.008397503213040225,-0.03355780806757869,-0.022451237136102198,-0.016699133466049454,-10.040941744784114,0.0025454122799497547,,,9.260009765625,7.710000174386161
2025-11-19,661.7601928710938,667.3300170898438,658.7449951171875,660.780029296875,50338605,22.32332305541304,0.0025454122799497547,-0.03163658851187223,-0.023347536556191484,-0.009044317209163322,-3.6850276042969696,,,,8.58502197265625,7.886788504464286
